motor_power.measured_dc_voltage_v,motor_power.calculated_dc_current_a,motor_power.motor_current_limit_arms,motor_speed.quadrature_current,motor_speed.direct_current,motor_speed.motor_speed,motor_safety.protection_code,motor_safety.safety_error_code,motor_safety.motor_temp,motor_safety.inverter_bridge_temp,motor_safety.bus_cap_temp,motor_safety.pwm_status,motor_control.current_reference,motor_control.discharge_limit_pct,motor_control.charge_limit_pct,motor_error.motor_state,pedal.pedal_supply_voltage,pedal.pedal_position_pct,pedal.pedal_raw_1,pedal.pedal_raw_2,pedal.tx_value,pedal.use_pedal,motor_prot1.can_timeout_ms,motor_prot1.dc_regen_current_limit_neg_a,motor_prot1.dc_traction_current_limit_a,motor_prot1.stall_protection_type,motor_prot1.stall_protection_time_ms,motor_prot1.stall_protection_current_a,motor_prot1.overspeed_protection_speed_rpm,motor_prot2.max_motor_temp_c,motor_prot2.motor_temp_high_gain_a_per_c,motor_prot2.max_inverter_temp_c,motor_prot2.inverter_temp_high_gain_a_per_c,motor_prot2.id_overcurrent_limit_a,motor_prot2.overvoltage_limit_v,motor_prot2.shutdown_voltage_limit_v
68.250000,0.000000,339.750000,0.000000,0.000000,0,8,22,59,102,91,0,0,0,0,0,5934.000000,-6.000000,-6.000000,-3.000000,0,1,500,280,279,1,248,250,0,110,10,65,15,300,390,80
68.250000,0.000000,339.750000,0.000000,0.000000,0,8,22,59,102,91,0,0,0,0,0,5925.000000,-13.000000,-6.000000,-13.000000,0,1,500,280,279,1,248,250,0,110,10,65,15,300,390,80
68.250000,0.000000,339.750000,0.000000,0.000000,0,8,22,59,102,91,0,0,0,0,0,5925.000000,-13.000000,-6.000000,-13.000000,0,1,500,280,279,1,248,250,0,110,10,65,15,300,390,80
68.250000,0.000000,339.750000,0.000000,0.000000,0,8,22,59,102,91,0,0,0,0,0,5922.000000,-12.000000,-6.000000,-12.000000,0,1,500,280,279,1,248,250,0,110,10,65,15,300,390,80
68.250000,0.000000,339.750000,0.000000,0.000000,0,8,22,59,102,91,0,0,0,0,0,5922.000000,-13.000000,-7.000000,-13.000000,0,1,500,280,279,1,248,250,0,110,10,65,15,300,390,80
68.250000,0.000000,339.750000,0.000000,0.000000,0,8,22,59,102,91,0,0,0,0,0,5922.000000,-11.000000,-6.000000,-11.000000,0,1,500,280,279,1,248,250,0,110,10,65,15,300,390,80
68.250000,0.000000,339.750000,0.000000,0.000000,0,8,22,59,102,91,0,0,0,0,0,426.000000,-1.000000,-1.000000,-1.000000,0,1,500,280,279,1,248,250,0,110,10,65,15,300,390,80
68.250000,0.000000,339.750000,0.000000,0.000000,0,8,22,59,102,91,0,0,0,0,0,426.000000,-1.000000,-1.000000,-1.000000,0,1,500,280,279,1,248,250,0,110,10,65,15,300,390,80
0.000000,0.000000,0.000000,0.000000,0.000000,0,0,0,0,0,0,0,0,0,0,0,426.000000,-1.000000,-1.000000,-1.000000,0,1,0,0,0,0,0,0,0,0,0,0,0,0,0,0
0.000000,0.000000,0.000000,0.000000,0.000000,0,0,0,0,0,0,0,0,0,0,0,426.000000,-1.000000,-1.000000,-1.000000,0,1,0,0,0,0,0,0,0,0,0,0,0,0,0,0
0.000000,0.000000,0.000000,0.000000,0.000000,0,0,0,0,0,0,0,0,0,0,0,6000.000000,-5.000000,-5.000000,-5.000000,0,1,0,0,0,0,0,0,0,0,0,0,0,0,0,0
0.000000,0.000000,0.000000,0.000000,0.000000,0,0,0,0,0,0,0,0,0,0,0,6003.000000,-6.000000,-4.000000,-6.000000,0,1,0,0,0,0,0,0,0,0,0,0,0,0,0,0
2.125000,0.000000,0.000000,0.000000,0.000000,0,0,0,55,91,89,0,0,0,0,0,6009.000000,-5.000000,-5.000000,-4.000000,0,1,0,0,0,0,0,0,0,0,0,0,0,0,0,0
1.625000,-1.375000,0.000000,0.000000,0.000000,0,8,0,55,91,89,1,0,0,0,0,6006.000000,-5.000000,-5.000000,-3.000000,0,1,500,280,279,1,248,250,0,0,0,0,0,0,0,0
1.750000,-1.375000,0.000000,0.000000,0.000000,0,8,0,55,91,89,1,0,0,0,0,6006.000000,-4.000000,-4.000000,-4.000000,0,1,500,280,279,1,248,250,0,110,10,65,15,300,390,80
1.625000,-1.125000,0.000000,0.000000,0.000000,0,8,0,55,91,89,1,0,0,0,0,6006.000000,-5.000000,-5.000000,-3.000000,0,1,500,280,279,1,248,250,0,110,10,65,15,300,390,80
1.750000,-0.250000,0.000000,0.000000,0.000000,0,8,0,55,91,89,1,0,0,0,0,6006.000000,-6.000000,-5.000000,-6.000000,0,1,500,280,279,1,248,250,0,110,10,65,15,300,390,80
1.750000,-0.250000,0.000000,0.000000,0.000000,0,8,0,55,91,89,1,0,0,0,0,6006.000000,-5.000000,-5.000000,-4.000000,0,1,500,280,279,1,248,250,0,110,10,65,15,300,390,80
1.750000,-0.250000,0.000000,0.000000,0.000000,0,8,0,55,91,89,1,0,0,0,0,6006.000000,-5.000000,-5.000000,-3.000000,0,1,500,280,279,1,248,250,0,110,10,65,15,300,390,80
1.750000,-0.250000,0.000000,0.000000,0.000000,0,8,0,55,91,89,1,0,0,0,0,6006.000000,-4.000000,-4.000000,-2.000000,0,1,500,280,279,1,248,250,0,110,10,65,15,300,390,80
1.750000,-0.250000,0.000000,0.000000,0.000000,0,8,0,55,91,89,1,0,0,0,0,6006.000000,-4.000000,-4.000000,-3.000000,0,1,500,280,279,1,248,250,0,110,10,65,15,300,390,80
1.750000,-0.250000,0.000000,0.000000,0.000000,0,8,0,57,91,89,1,0,0,0,0,6003.000000,-5.000000,-4.000000,-5.000000,0,1,500,280,279,1,248,250,0,110,10,65,15,300,390,80
1.750000,-0.250000,0.000000,0.000000,0.000000,0,8,0,55,91,89,1,0,0,0,0,6000.000000,-6.000000,-5.000000,-6.000000,0,1,500,280,279,1,248,250,0,110,10,65,15,300,390,80
1.750000,-0.375000,0.000000,0.000000,0.000000,0,8,0,55,91,89,1,0,0,0,0,6003.000000,-11.000000,-5.000000,-11.000000,0,1,500,280,279,1,248,250,0,110,10,65,15,300,390,80
1.750000,-0.375000,0.000000,0.000000,0.000000,0,8,0,55,91,89,1,0,0,0,0,6003.000000,-5.000000,-5.000000,-3.000000,0,1,500,280,279,1,248,250,0,110,10,65,15,300,390,80
1.750000,-0.375000,0.000000,0.000000,0.000000,0,8,0,57,91,89,1,0,0,0,0,6000.000000,-6.000000,-5.000000,-6.000000,0,1,500,280,279,1,248,250,0,110,10,65,15,300,390,80
1.625000,-0.375000,0.000000,0.000000,0.000000,0,8,0,55,91,89,1,0,0,0,0,6000.000000,-5.000000,-5.000000,-1.000000,0,1,500,280,279,1,248,250,0,110,10,65,15,300,390,80
1.750000,-0.375000,0.000000,0.000000,0.000000,0,8,0,55,91,89,1,0,0,0,0,6000.000000,-5.000000,-5.000000,-2.000000,0,1,500,280,279,1,248,250,0,110,10,65,15,300,390,80
1.750000,-0.375000,0.000000,0.000000,0.000000,0,8,0,55,91,89,1,0,0,0,0,6000.000000,-4.000000,-4.000000,-2.000000,0,1,500,280,279,1,248,250,0,110,10,65,15,300,390,80
1.750000,-0.375000,0.000000,0.000000,0.000000,0,8,0,55,91,89,1,0,0,0,0,6000.000000,-5.000000,-5.000000,-1.000000,0,1,500,280,279,1,248,250,0,110,10,65,15,300,390,80
1.750000,-0.375000,0.000000,0.000000,0.000000,0,8,0,55,91,89,1,0,0,0,0,6000.000000,-5.000000,-4.000000,-5.000000,0,1,500,280,279,1,248,250,0,110,10,65,15,300,390,80
1.750000,-0.375000,0.000000,0.000000,0.000000,0,8,0,55,91,89,1,0,0,0,0,5997.000000,-5.000000,-4.000000,-5.000000,0,1,500,280,279,1,248,250,0,110,10,65,15,300,390,80
1.750000,-0.375000,0.000000,0.000000,0.000000,0,8,0,55,91,89,1,0,0,0,0,6000.000000,-5.000000,-5.000000,-5.000000,0,1,500,280,279,1,248,250,0,110,10,65,15,300,390,80
1.750000,-0.375000,0.000000,0.000000,0.000000,0,8,0,55,91,89,1,0,0,0,0,6000.000000,-5.000000,-5.000000,-5.000000,0,1,500,280,279,1,248,250,0,110,10,65,15,300,390,80
1.750000,-0.250000,0.000000,0.000000,0.000000,0,8,0,55,91,89,1,0,0,0,0,5997.000000,-4.000000,-4.000000,-4.000000,0,1,500,280,279,1,248,250,0,110,10,65,15,300,390,80
1.625000,-0.250000,0.000000,0.000000,0.000000,0,8,0,57,91,89,1,0,0,0,0,5997.000000,-5.000000,-5.000000,-1.000000,0,1,500,280,279,1,248,250,0,110,10,65,15,300,390,80
1.750000,-0.375000,0.000000,0.000000,0.000000,0,8,0,55,91,89,1,0,0,0,0,5997.000000,-7.000000,-4.000000,-7.000000,0,1,500,280,279,1,248,250,0,110,10,65,15,300,390,80
1.750000,-0.250000,0.000000,0.000000,0.000000,0,8,0,57,91,89,1,0,0,0,0,5997.000000,-6.000000,-5.000000,-6.000000,0,1,500,280,279,1,248,250,0,110,10,65,15,300,390,80
1.750000,-0.250000,0.000000,0.000000,0.000000,0,8,0,55,91,89,1,0,0,0,0,5997.000000,-5.000000,-5.000000,-2.000000,0,1,500,280,279,1,248,250,0,110,10,65,15,300,390,80
1.750000,-0.250000,0.000000,0.000000,0.000000,0,8,0,57,91,89,1,0,0,0,0,5997.000000,-5.000000,-5.000000,-3.000000,0,1,500,280,279,1,248,250,0,110,10,65,15,300,390,80
1.750000,-0.250000,0.000000,0.000000,0.000000,0,8,0,55,91,89,1,354,0,0,0,6003.000000,59.000000,66.000000,59.000000,354,1,500,280,279,1,248,250,0,110,10,65,15,300,390,80
1.750000,-0.250000,0.000000,0.000000,0.000000,0,8,0,57,91,89,1,384,0,0,0,6006.000000,64.000000,69.000000,64.000000,384,1,500,280,279,1,248,250,0,110,10,65,15,300,390,80
1.750000,-0.375000,0.000000,0.000000,0.000000,0,8,0,55,91,89,1,0,0,0,0,5997.000000,-5.000000,-5.000000,-4.000000,0,1,500,280,279,1,248,250,0,110,10,65,15,300,390,80
1.750000,-0.250000,0.000000,0.000000,0.000000,0,8,0,55,91,89,1,0,0,0,0,5997.000000,-5.000000,-5.000000,-3.000000,0,1,500,280,279,1,248,250,0,110,10,65,15,300,390,80
1.750000,-0.375000,0.000000,0.000000,0.000000,0,8,0,55,91,89,1,0,0,0,0,5997.000000,-5.000000,-5.000000,-5.000000,0,1,500,280,279,1,248,250,0,110,10,65,15,300,390,80
1.750000,-0.375000,0.000000,0.000000,0.000000,0,8,0,55,91,89,1,0,0,0,0,5997.000000,-5.000000,-4.000000,-5.000000,0,1,500,280,279,1,248,250,0,110,10,65,15,300,390,80
1.750000,-0.250000,0.000000,0.000000,0.000000,0,8,0,55,91,89,1,0,0,0,0,5994.000000,-5.000000,-5.000000,-5.000000,0,1,500,280,279,1,248,250,0,110,10,65,15,300,390,80
1.750000,-0.375000,0.000000,0.000000,0.000000,0,8,0,55,91,89,1,0,0,0,0,5997.000000,-5.000000,-5.000000,-2.000000,0,1,500,280,279,1,248,250,0,110,10,65,15,300,390,80
1.750000,-0.250000,0.000000,0.000000,0.000000,0,8,0,57,91,89,1,0,0,0,0,5991.000000,-4.000000,-4.000000,-2.000000,0,1,500,280,279,1,248,250,0,110,10,65,15,300,390,80
1.750000,-0.375000,0.000000,0.000000,0.000000,0,8,0,55,91,89,1,0,0,0,0,5991.000000,-4.000000,-4.000000,-4.000000,0,1,500,280,279,1,248,250,0,110,10,65,15,300,390,80
1.750000,-0.250000,0.000000,0.000000,0.000000,0,8,0,57,91,89,1,0,0,0,0,5991.000000,-7.000000,-5.000000,-7.000000,0,1,500,280,279,1,248,250,0,110,10,65,15,300,390,80
1.750000,-0.375000,0.000000,0.000000,0.000000,0,8,0,55,91,89,1,0,0,0,0,5991.000000,-6.000000,-5.000000,-6.000000,0,1,500,280,279,1,248,250,0,110,10,65,15,300,390,80
1.750000,-0.375000,0.000000,0.000000,0.000000,0,8,0,57,91,89,1,0,0,0,0,5994.000000,-6.000000,-5.000000,-6.000000,0,1,500,280,279,1,248,250,0,110,10,65,15,300,390,80
1.750000,-0.375000,0.000000,0.000000,0.000000,0,8,0,55,91,89,1,0,0,0,0,5994.000000,-5.000000,-5.000000,-4.000000,0,1,500,280,279,1,248,250,0,110,10,65,15,300,390,80
1.750000,-0.375000,0.000000,0.000000,0.000000,0,8,0,57,91,89,1,0,0,0,0,5991.000000,-9.000000,-4.000000,-9.000000,0,1,500,280,279,1,248,250,0,110,10,65,15,300,390,80
1.750000,-0.250000,0.000000,0.000000,0.000000,0,8,0,55,91,89,1,0,0,0,0,5991.000000,-4.000000,-4.000000,2.000000,0,1,500,280,279,1,248,250,0,110,10,65,15,300,390,80
1.750000,-0.250000,0.000000,0.000000,0.000000,0,8,0,57,91,89,1,0,0,0,0,5991.000000,-6.000000,-5.000000,-6.000000,0,1,500,280,279,1,248,250,0,110,10,65,15,300,390,80
1.750000,-0.250000,0.000000,0.000000,0.000000,0,8,0,55,91,89,1,0,0,0,0,5991.000000,-5.000000,-5.000000,-2.000000,0,1,500,280,279,1,248,250,0,110,10,65,15,300,390,80
1.750000,-0.250000,0.000000,0.000000,0.000000,0,8,0,57,91,89,1,0,0,0,0,5991.000000,-5.000000,-5.000000,-3.000000,0,1,500,280,279,1,248,250,0,110,10,65,15,300,390,80
1.750000,-0.250000,0.000000,0.000000,0.000000,0,8,0,55,91,89,1,0,0,0,0,5991.000000,-5.000000,-5.000000,-5.000000,0,1,500,280,279,1,248,250,0,110,10,65,15,300,390,80
1.750000,-0.250000,0.000000,0.000000,0.000000,0,8,0,55,91,89,1,0,0,0,0,5994.000000,-5.000000,-5.000000,-2.000000,0,1,500,280,279,1,248,250,0,110,10,65,15,300,390,80
1.750000,-0.375000,0.000000,0.000000,0.000000,0,8,0,57,91,89,1,0,0,0,0,5991.000000,-5.000000,-5.000000,-2.000000,0,1,500,280,279,1,248,250,0,110,10,65,15,300,390,80
1.750000,-0.250000,0.000000,0.000000,0.000000,0,8,0,57,91,89,1,0,0,0,0,5991.000000,-6.000000,-5.000000,-6.000000,0,1,500,280,279,1,248,250,0,110,10,65,15,300,390,80
1.750000,-0.375000,0.000000,0.000000,0.000000,0,8,0,57,91,89,1,0,0,0,0,5991.000000,-5.000000,-5.000000,-1.000000,0,1,500,280,279,1,248,250,0,110,10,65,15,300,390,80
1.750000,-0.375000,0.000000,0.000000,0.000000,0,8,0,55,91,89,1,0,0,0,0,5991.000000,-5.000000,-5.000000,2.000000,0,1,500,280,279,1,248,250,0,110,10,65,15,300,390,80
1.750000,-0.375000,0.000000,0.000000,0.000000,0,8,0,57,91,89,1,0,0,0,0,5991.000000,-4.000000,-4.000000,2.000000,0,1,500,280,279,1,248,250,0,110,10,65,15,300,390,80
1.750000,-0.250000,0.000000,0.000000,0.000000,0,8,0,55,91,89,1,0,0,0,0,5991.000000,-4.000000,-4.000000,1.000000,0,1,500,280,279,1,248,250,0,110,10,65,15,300,390,80
1.750000,-0.250000,0.000000,0.000000,0.000000,0,8,0,57,91,89,1,0,0,0,0,5991.000000,-4.000000,-4.000000,1.000000,0,1,500,280,279,1,248,250,0,110,10,65,15,300,390,80
1.750000,-0.250000,0.000000,0.000000,0.000000,0,8,0,55,91,89,1,0,0,0,0,5994.000000,-4.000000,-4.000000,1.000000,0,1,500,280,279,1,248,250,0,110,10,65,15,300,390,80
1.750000,-0.375000,0.000000,0.000000,0.000000,0,8,0,57,91,89,1,0,0,0,0,5991.000000,-4.000000,-4.000000,3.000000,0,1,500,280,279,1,248,250,0,110,10,65,15,300,390,80
1.750000,-0.250000,0.000000,0.000000,0.000000,0,8,0,57,91,89,1,0,0,0,0,5991.000000,-4.000000,-4.000000,-3.000000,0,1,500,280,279,1,248,250,0,110,10,65,15,300,390,80
1.750000,-0.375000,0.000000,0.000000,0.000000,0,8,0,55,91,89,1,0,0,0,0,5991.000000,-3.000000,-3.000000,3.000000,0,1,500,280,279,1,248,250,0,110,10,65,15,300,390,80
1.750000,-0.250000,0.000000,0.000000,0.000000,0,8,0,57,91,89,1,0,0,0,0,5994.000000,-3.000000,-3.000000,6.000000,0,1,500,280,279,1,248,250,0,110,10,65,15,300,390,80
1.750000,-0.250000,0.000000,0.000000,0.000000,0,8,0,57,91,89,1,0,0,0,0,5991.000000,-2.000000,-2.000000,0.000000,0,1,500,280,279,1,248,250,0,110,10,65,15,300,390,80
1.625000,-0.250000,0.000000,0.000000,0.000000,0,8,0,57,91,89,1,0,0,0,0,5991.000000,-2.000000,-2.000000,5.000000,0,1,500,280,279,1,248,250,0,110,10,65,15,300,390,80
1.750000,-0.375000,0.000000,0.000000,0.000000,0,8,0,57,91,89,1,0,0,0,0,5991.000000,-1.000000,-1.000000,0.000000,0,1,500,280,279,1,248,250,0,110,10,65,15,300,390,80
1.750000,-0.250000,0.000000,0.000000,0.000000,0,8,0,57,91,89,1,0,0,0,0,5991.000000,-1.000000,-1.000000,0.000000,0,1,500,280,279,1,248,250,0,110,10,65,15,300,390,80
1.750000,-0.250000,0.000000,0.000000,0.000000,0,8,0,57,91,89,1,0,0,0,0,5991.000000,-1.000000,-1.000000,2.000000,0,1,500,280,279,1,248,250,0,110,10,65,15,300,390,80
1.750000,-0.375000,0.000000,0.000000,0.000000,0,8,0,57,91,89,1,0,0,0,0,5991.000000,-1.000000,-1.000000,1.000000,0,1,500,280,279,1,248,250,0,110,10,65,15,300,390,80
1.750000,-0.250000,0.000000,0.000000,0.000000,0,8,0,57,91,89,1,0,0,0,0,5991.000000,-5.000000,-5.000000,-2.000000,0,1,500,280,279,1,248,250,0,110,10,65,15,300,390,80
1.750000,-0.250000,0.000000,0.000000,0.000000,0,8,0,55,91,89,1,0,0,0,0,5991.000000,-5.000000,-5.000000,-3.000000,0,1,500,280,279,1,248,250,0,110,10,65,15,300,390,80
1.750000,-0.375000,0.000000,0.000000,0.000000,0,8,0,57,91,89,1,0,0,0,0,5991.000000,-5.000000,-5.000000,-4.000000,0,1,500,280,279,1,248,250,0,110,10,65,15,300,390,80
1.750000,-0.375000,0.000000,0.000000,0.000000,0,8,0,55,91,89,1,0,0,0,0,5988.000000,-5.000000,-5.000000,-4.000000,0,1,500,280,279,1,248,250,0,110,10,65,15,300,390,80
1.750000,-0.375000,0.000000,0.000000,0.000000,0,8,0,57,91,89,1,0,0,0,0,5988.000000,-5.000000,-5.000000,-4.000000,0,1,500,280,279,1,248,250,0,110,10,65,15,300,390,80
1.750000,-0.375000,0.000000,0.000000,0.000000,0,8,0,55,91,89,1,0,0,0,0,5991.000000,-7.000000,-5.000000,-7.000000,0,1,500,280,279,1,248,250,0,110,10,65,15,300,390,80
1.750000,-0.375000,0.000000,0.000000,0.000000,0,8,0,57,91,89,1,0,0,0,0,5991.000000,-5.000000,-5.000000,-4.000000,0,1,500,280,279,1,248,250,0,110,10,65,15,300,390,80
1.750000,-0.375000,0.000000,0.000000,0.000000,0,8,0,57,91,89,1,0,0,0,0,5988.000000,-5.000000,-5.000000,-4.000000,0,1,500,280,279,1,248,250,0,110,10,65,15,300,390,80
1.750000,-0.250000,0.000000,0.000000,0.000000,0,8,0,57,91,89,1,0,0,0,0,5991.000000,-5.000000,-5.000000,-2.000000,0,1,500,280,279,1,248,250,0,110,10,65,15,300,390,80
1.750000,-0.250000,0.000000,0.000000,0.000000,0,8,0,57,91,89,1,0,0,0,0,5985.000000,-6.000000,-5.000000,-6.000000,0,1,500,280,279,1,248,250,0,110,10,65,15,300,390,80
1.750000,-0.250000,0.000000,0.000000,0.000000,0,8,0,57,91,89,1,0,0,0,0,5991.000000,-5.000000,-5.000000,0.000000,0,1,500,280,279,1,248,250,0,110,10,65,15,300,390,80
1.750000,-0.250000,0.000000,0.000000,0.000000,0,8,0,57,91,89,1,0,0,0,0,5991.000000,-5.000000,-5.000000,2.000000,0,1,500,280,279,1,248,250,0,110,10,65,15,300,390,80
1.750000,-0.250000,0.000000,0.000000,0.000000,0,8,0,57,91,89,1,0,0,0,0,5988.000000,-5.000000,-5.000000,0.000000,0,1,500,280,279,1,248,250,0,110,10,65,15,300,390,80
1.750000,-0.250000,0.000000,0.000000,0.000000,0,8,0,57,91,89,1,0,0,0,0,5988.000000,-5.000000,-5.000000,0.000000,0,1,500,280,279,1,248,250,0,110,10,65,15,300,390,80
1.750000,-0.250000,0.000000,0.000000,0.000000,0,8,0,57,91,89,1,0,0,0,0,5988.000000,-4.000000,-4.000000,2.000000,0,1,500,280,279,1,248,250,0,110,10,65,15,300,390,80
1.750000,-0.250000,0.000000,0.000000,0.000000,0,8,0,57,91,89,1,0,0,0,0,5988.000000,-4.000000,-4.000000,2.000000,0,1,500,280,279,1,248,250,0,110,10,65,15,300,390,80
1.750000,-0.250000,0.000000,0.000000,0.000000,0,8,0,57,91,89,1,0,0,0,0,5988.000000,-4.000000,-4.000000,2.000000,0,1,500,280,279,1,248,250,0,110,10,65,15,300,390,80
1.750000,-0.375000,0.000000,0.000000,0.000000,0,8,0,57,91,89,1,0,0,0,0,5991.000000,-2.000000,-2.000000,4.000000,0,1,500,280,279,1,248,250,0,110,10,65,15,300,390,80
1.750000,-0.250000,0.000000,0.000000,0.000000,0,8,0,57,91,89,1,0,0,0,0,5985.000000,0.000000,0.000000,3.000000,0,1,500,280,279,1,248,250,0,110,10,65,15,300,390,80
1.750000,-0.250000,0.000000,0.000000,0.000000,0,8,0,57,91,89,1,0,0,0,0,5988.000000,-1.000000,-1.000000,2.000000,0,1,500,280,279,1,248,250,0,110,10,65,15,300,390,80
1.750000,-0.250000,0.000000,0.000000,0.000000,0,8,0,57,91,89,1,0,0,0,0,5988.000000,0.000000,0.000000,0.000000,0,1,500,280,279,1,248,250,0,110,10,65,15,300,390,80
1.750000,-0.250000,0.000000,0.000000,0.000000,0,8,0,57,91,89,1,0,0,0,0,5985.000000,-1.000000,-1.000000,1.000000,0,1,500,280,279,1,248,250,0,110,10,65,15,300,390,80
1.750000,-0.375000,0.000000,0.000000,0.000000,0,8,0,57,91,89,1,0,0,0,0,5988.000000,-1.000000,-1.000000,2.000000,0,1,500,280,279,1,248,250,0,110,10,65,15,300,390,80
1.750000,-0.250000,0.000000,0.000000,0.000000,0,8,0,57,91,89,1,0,0,0,0,5988.000000,-1.000000,0.000000,-1.000000,0,1,500,280,279,1,248,250,0,110,10,65,15,300,390,80
1.750000,-0.250000,0.000000,0.000000,0.000000,0,8,0,57,91,89,1,0,0,0,0,5985.000000,0.000000,0.000000,0.000000,0,1,500,280,279,1,248,250,0,110,10,65,15,300,390,80
1.750000,-0.375000,0.000000,0.000000,0.000000,0,8,0,57,91,89,1,0,0,0,0,5988.000000,0.000000,0.000000,2.000000,0,1,500,280,279,1,248,250,0,110,10,65,15,300,390,80
1.750000,-0.375000,0.000000,0.000000,0.000000,0,8,0,57,91,89,1,0,0,0,0,5988.000000,0.000000,0.000000,0.000000,0,1,500,280,279,1,248,250,0,110,10,65,15,300,390,80
1.750000,-0.250000,0.000000,0.000000,0.000000,0,8,0,57,91,89,1,0,0,0,0,5985.000000,0.000000,0.000000,3.000000,0,1,500,280,279,1,248,250,0,110,10,65,15,300,390,80
1.750000,-0.375000,0.000000,0.000000,0.000000,0,8,0,57,91,89,1,0,0,0,0,5985.000000,-1.000000,-1.000000,-1.000000,0,1,500,280,279,1,248,250,0,110,10,65,15,300,390,80
1.750000,-0.375000,0.000000,0.000000,0.000000,0,8,0,57,91,89,1,0,0,0,0,5985.000000,0.000000,0.000000,3.000000,0,1,500,280,279,1,248,250,0,110,10,65,15,300,390,80
1.750000,-0.375000,0.000000,0.000000,0.000000,0,8,0,57,91,89,1,0,0,0,0,5985.000000,0.000000,0.000000,1.000000,0,1,500,280,279,1,248,250,0,110,10,65,15,300,390,80
1.750000,-0.250000,0.000000,0.000000,0.000000,0,8,0,57,91,89,1,0,0,0,0,5985.000000,0.000000,0.000000,1.000000,0,1,500,280,279,1,248,250,0,110,10,65,15,300,390,80
1.750000,-0.375000,0.000000,0.000000,0.000000,0,8,0,57,91,89,1,0,0,0,0,5985.000000,0.000000,0.000000,3.000000,0,1,500,280,279,1,248,250,0,110,10,65,15,300,390,80
1.750000,-0.250000,0.000000,0.000000,0.000000,0,8,0,57,91,89,1,0,0,0,0,5985.000000,0.000000,0.000000,3.000000,0,1,500,280,279,1,248,250,0,110,10,65,15,300,390,80
1.750000,-0.375000,0.000000,0.000000,0.000000,0,8,0,57,91,89,1,0,0,0,0,5985.000000,-1.000000,0.000000,-1.000000,0,1,500,280,279,1,248,250,0,110,10,65,15,300,390,80
1.750000,-0.375000,0.000000,0.000000,0.000000,0,8,0,57,91,89,1,0,0,0,0,5985.000000,0.000000,0.000000,2.000000,0,1,500,280,279,1,248,250,0,110,10,65,15,300,390,80
1.750000,-0.250000,0.000000,0.000000,0.000000,0,8,0,57,91,89,1,0,0,0,0,5985.000000,0.000000,0.000000,4.000000,0,1,500,280,279,1,248,250,0,110,10,65,15,300,390,80
1.750000,-0.250000,0.000000,0.000000,0.000000,0,8,0,57,91,89,1,0,0,0,0,5982.000000,-1.000000,0.000000,-1.000000,0,1,500,280,279,1,248,250,0,110,10,65,15,300,390,80
1.750000,-0.250000,0.000000,0.000000,0.000000,0,8,0,57,91,89,1,0,0,0,0,5985.000000,-1.000000,0.000000,-1.000000,0,1,500,280,279,1,248,250,0,110,10,65,15,300,390,80
1.750000,-0.250000,0.000000,0.000000,0.000000,0,8,0,57,91,89,1,0,0,0,0,5982.000000,-5.000000,-5.000000,1.000000,0,1,500,280,279,1,248,250,0,110,10,65,15,300,390,80
1.750000,-0.375000,0.000000,0.000000,0.000000,0,8,0,57,91,89,1,0,0,0,0,5985.000000,-5.000000,-5.000000,1.000000,0,1,500,280,279,1,248,250,0,110,10,65,15,300,390,80
1.750000,-0.375000,0.000000,0.000000,0.000000,0,8,0,57,91,89,1,0,0,0,0,5982.000000,-5.000000,-5.000000,0.000000,0,1,500,280,279,1,248,250,0,110,10,65,15,300,390,80
1.750000,-0.250000,0.000000,0.000000,0.000000,0,8,0,57,91,89,1,0,0,0,0,5982.000000,-5.000000,-5.000000,1.000000,0,1,500,280,279,1,248,250,0,110,10,65,15,300,390,80
2.625000,0.000000,0.000000,0.000000,0.000000,0,8,0,57,91,89,1,0,0,0,0,5982.000000,-5.000000,-5.000000,0.000000,0,1,500,280,279,1,248,250,0,110,10,65,15,300,390,80
2.625000,-0.250000,0.000000,0.000000,0.000000,0,8,0,57,91,89,1,0,0,0,0,5982.000000,-5.000000,-5.000000,-5.000000,0,1,500,280,279,1,248,250,0,110,10,65,15,300,390,80
2.625000,-0.375000,0.000000,0.000000,0.000000,0,8,0,57,91,89,1,0,0,0,0,5982.000000,-5.000000,-5.000000,2.000000,0,1,500,280,279,1,248,250,0,110,10,65,15,300,390,80
2.625000,-0.375000,0.000000,0.000000,0.000000,0,8,0,57,91,89,1,0,0,0,0,5982.000000,-5.000000,-5.000000,-1.000000,0,1,500,280,279,1,248,250,0,110,10,65,15,300,390,80
2.750000,-0.625000,0.000000,0.000000,0.000000,0,8,0,57,91,89,1,0,0,0,0,5982.000000,-5.000000,-5.000000,0.000000,0,1,500,280,279,1,248,250,0,110,10,65,15,300,390,80
252.750000,0.000000,400.000000,0.000000,0.000000,-4,0,0,55,91,89,1,0,0,0,0,5985.000000,-5.000000,-5.000000,-2.000000,0,1,500,280,279,1,248,250,0,110,10,65,15,300,390,80
252.750000,0.000000,400.000000,0.000000,0.000000,-13,0,0,57,91,89,1,0,0,0,0,5988.000000,-6.000000,-5.000000,-6.000000,0,1,500,280,279,1,248,250,0,110,10,65,15,300,390,80
252.500000,0.000000,400.000000,0.000000,0.000000,-5,0,0,57,93,89,1,0,0,0,0,5979.000000,-5.000000,-5.000000,-4.000000,0,1,500,280,279,1,248,250,0,110,10,65,15,300,390,80
252.625000,0.000000,400.000000,0.000000,0.000000,0,0,0,57,93,89,1,0,0,0,0,5982.000000,-5.000000,-5.000000,-5.000000,0,1,500,280,279,1,248,250,0,110,10,65,15,300,390,80
252.625000,0.000000,400.000000,0.000000,0.000000,-7,0,0,57,93,89,1,0,0,0,0,5982.000000,-6.000000,-5.000000,-6.000000,0,1,500,280,279,1,248,250,0,110,10,65,15,300,390,80
253.000000,0.000000,400.000000,0.000000,0.000000,-7,0,0,57,93,89,1,0,0,0,0,5985.000000,-6.000000,-4.000000,-6.000000,0,1,500,280,279,1,248,250,0,110,10,65,15,300,390,80
252.875000,0.000000,400.000000,0.000000,0.000000,0,0,0,57,93,89,1,0,0,0,0,5979.000000,-6.000000,-5.000000,-6.000000,0,1,500,280,279,1,248,250,0,110,10,65,15,300,390,80
253.125000,0.000000,400.000000,0.000000,0.000000,0,0,0,57,93,89,1,0,0,0,0,5985.000000,-4.000000,-4.000000,-3.000000,0,1,500,280,279,1,248,250,0,110,10,65,15,300,390,80
244.875000,5.750000,400.000000,24.000000,0.000000,150,0,0,57,93,89,1,192,0,0,0,5985.000000,32.000000,36.000000,32.000000,192,1,500,280,279,1,248,250,0,110,10,65,15,300,390,80
252.500000,-0.375000,400.000000,0.000000,0.000000,213,0,0,57,93,89,1,0,0,0,0,5982.000000,-5.000000,-5.000000,-5.000000,0,1,500,280,279,1,248,250,0,110,10,65,15,300,390,80
252.750000,0.500000,400.000000,0.000000,0.000000,179,0,0,57,93,89,1,0,0,0,0,5979.000000,-5.000000,-5.000000,-3.000000,0,1,500,280,279,1,248,250,0,110,10,65,15,300,390,80
252.875000,0.375000,400.000000,0.000000,0.000000,151,0,0,57,93,89,1,0,0,0,0,5982.000000,-5.000000,-5.000000,-2.000000,0,1,500,280,279,1,248,250,0,110,10,65,15,300,390,80
253.000000,0.250000,400.000000,0.000000,0.000000,112,0,0,57,93,89,1,0,0,0,0,5979.000000,-6.000000,-5.000000,-6.000000,0,1,500,280,279,1,248,250,0,110,10,65,15,300,390,80
248.250000,2.875000,400.000000,12.750000,0.000000,124,0,0,57,93,89,1,102,0,0,0,5982.000000,17.000000,17.000000,20.000000,102,1,500,280,279,1,248,250,0,110,10,65,15,300,390,80
252.500000,-0.625000,400.000000,0.000000,0.000000,187,0,0,57,95,89,1,0,0,0,0,5982.000000,-5.000000,-5.000000,-3.000000,0,1,500,280,279,1,248,250,0,110,10,65,15,300,390,80
252.750000,-0.375000,400.000000,0.000000,0.000000,157,0,0,57,93,89,1,0,0,0,0,5982.000000,-7.000000,-4.000000,-7.000000,0,1,500,280,279,1,248,250,0,110,10,65,15,300,390,80
252.875000,0.375000,400.000000,0.000000,0.000000,128,0,0,57,95,89,1,0,0,0,0,5979.000000,-5.000000,-5.000000,-3.000000,0,1,500,280,279,1,248,250,0,110,10,65,15,300,390,80
252.875000,0.000000,400.000000,0.000000,0.000000,101,0,0,57,95,89,1,0,0,0,0,5988.000000,-5.000000,-5.000000,0.000000,0,1,500,280,279,1,248,250,0,110,10,65,15,300,390,80
252.875000,0.000000,400.000000,0.000000,0.000000,73,0,0,57,95,89,1,0,0,0,0,5982.000000,9.000000,11.000000,9.000000,0,1,500,280,279,1,248,250,0,110,10,65,15,300,390,80
244.875000,5.000000,400.000000,10.500000,0.000000,257,0,0,57,95,89,1,84,0,0,0,5988.000000,14.000000,15.000000,14.000000,84,1,500,280,279,1,248,250,0,110,10,65,15,300,390,80
252.125000,-0.750000,400.000000,0.000000,0.000000,254,0,0,57,95,89,1,0,0,0,0,5979.000000,-6.000000,-5.000000,-6.000000,0,1,500,280,279,1,248,250,0,110,10,65,15,300,390,80
252.500000,-0.625000,400.000000,0.000000,0.000000,211,0,0,57,95,89,1,0,0,0,0,5979.000000,-5.000000,-5.000000,-5.000000,0,1,500,280,279,1,248,250,0,110,10,65,15,300,390,80
252.625000,-0.125000,400.000000,0.000000,0.000000,185,0,0,57,95,89,1,0,0,0,0,5979.000000,-7.000000,-5.000000,-7.000000,0,1,500,280,279,1,248,250,0,110,10,65,15,300,390,80
252.750000,-0.375000,400.000000,0.000000,0.000000,145,0,0,57,95,89,1,0,0,0,0,5979.000000,-6.000000,-5.000000,-6.000000,0,1,500,280,279,1,248,250,0,110,10,65,15,300,390,80
252.875000,0.375000,400.000000,8.250000,0.000000,117,0,0,57,95,89,1,66,0,0,0,5982.000000,11.000000,11.000000,15.000000,66,1,500,280,279,1,248,250,0,110,10,65,15,300,390,80
252.375000,0.250000,400.000000,0.000000,0.000000,175,0,0,57,95,89,1,0,0,0,0,5979.000000,-5.000000,-4.000000,-5.000000,0,1,500,280,279,1,248,250,0,110,10,65,15,300,390,80
252.625000,0.375000,400.000000,0.000000,0.000000,147,0,0,57,95,89,1,0,0,0,0,5976.000000,-6.000000,-5.000000,-6.000000,0,1,500,280,279,1,248,250,0,110,10,65,15,300,390,80
252.750000,-0.125000,400.000000,0.000000,0.000000,113,0,0,57,95,89,1,0,0,0,0,5979.000000,-5.000000,-5.000000,-5.000000,0,1,500,280,279,1,248,250,0,110,10,65,15,300,390,80
252.625000,0.125000,400.000000,0.000000,0.000000,80,0,0,57,95,89,1,0,0,0,0,5985.000000,-8.000000,-4.000000,-8.000000,0,1,500,280,279,1,248,250,0,110,10,65,15,300,390,80
250.125000,1.625000,400.000000,8.250000,0.000000,81,0,0,57,95,89,1,66,0,0,0,5979.000000,11.000000,11.000000,11.000000,66,1,500,280,279,1,248,250,0,110,10,65,15,300,390,80
252.125000,0.500000,400.000000,0.000000,0.000000,181,0,0,57,95,89,1,0,0,0,0,5976.000000,-6.000000,-5.000000,-6.000000,0,1,500,280,279,1,248,250,0,110,10,65,15,300,390,80
252.500000,-0.500000,400.000000,0.000000,0.000000,148,0,0,57,95,89,1,0,0,0,0,5976.000000,-5.000000,-5.000000,-3.000000,0,1,500,280,279,1,248,250,0,110,10,65,15,300,390,80
252.625000,0.000000,400.000000,0.000000,0.000000,118,0,0,57,95,89,1,0,0,0,0,5976.000000,-5.000000,-5.000000,-4.000000,0,1,500,280,279,1,248,250,0,110,10,65,15,300,390,80
252.625000,0.125000,400.000000,0.000000,0.000000,92,0,0,57,95,89,1,0,0,0,0,5976.000000,-5.000000,-5.000000,-4.000000,0,1,500,280,279,1,248,250,0,110,10,65,15,300,390,80
252.875000,-0.250000,400.000000,0.000000,0.000000,63,0,0,57,95,89,1,0,0,0,0,5979.000000,9.000000,9.000000,11.000000,0,1,500,280,279,1,248,250,0,110,10,65,15,300,390,80
252.625000,0.000000,400.000000,0.000000,0.000000,50,0,0,57,95,89,1,0,0,0,0,5976.000000,5.000000,5.000000,7.000000,0,1,500,280,279,1,248,250,0,110,10,65,15,300,390,80
252.500000,0.000000,400.000000,0.000000,0.000000,30,0,0,57,95,89,1,0,0,0,0,5979.000000,7.000000,7.000000,9.000000,0,1,500,280,279,1,248,250,0,110,10,65,15,300,390,80
251.250000,0.750000,400.000000,0.000000,0.000000,208,0,0,57,95,89,1,0,0,0,0,5976.000000,8.000000,9.000000,8.000000,0,1,500,280,279,1,248,250,0,110,10,65,15,300,390,80
252.375000,-0.375000,400.000000,0.000000,0.000000,172,0,0,57,95,89,1,0,0,0,0,5976.000000,-7.000000,-5.000000,-7.000000,0,1,500,280,279,1,248,250,0,110,10,65,15,300,390,80
252.500000,0.375000,400.000000,0.000000,0.000000,139,0,0,57,95,89,1,0,0,0,0,5976.000000,-6.000000,-5.000000,-6.000000,0,1,500,280,279,1,248,250,0,110,10,65,15,300,390,80
252.625000,-0.375000,400.000000,0.000000,0.000000,107,0,0,57,95,89,1,0,0,0,0,5979.000000,-5.000000,-5.000000,-3.000000,0,1,500,280,279,1,248,250,0,110,10,65,15,300,390,80
252.500000,0.250000,400.000000,0.000000,0.000000,80,0,0,57,95,89,1,0,0,0,0,5976.000000,-5.000000,-5.000000,-5.000000,0,1,500,280,279,1,248,250,0,110,10,65,15,300,390,80
252.500000,0.000000,400.000000,0.000000,0.000000,50,0,0,57,95,89,1,0,0,0,0,5976.000000,7.000000,7.000000,7.000000,0,1,500,280,279,1,248,250,0,110,10,65,15,300,390,80
249.750000,1.625000,400.000000,9.000000,0.000000,95,0,0,57,95,89,1,72,0,0,0,5976.000000,12.000000,12.000000,14.000000,72,1,500,280,279,1,248,250,0,110,10,65,15,300,390,80
251.750000,-0.500000,400.000000,0.000000,0.000000,209,0,0,57,95,89,1,0,0,0,0,5976.000000,-6.000000,-5.000000,-6.000000,0,1,500,280,279,1,248,250,0,110,10,65,15,300,390,80
252.250000,0.500000,400.000000,0.000000,0.000000,169,0,0,57,96,89,1,0,0,0,0,5976.000000,-5.000000,-5.000000,-4.000000,0,1,500,280,279,1,248,250,0,110,10,65,15,300,390,80
252.500000,0.500000,400.000000,0.000000,0.000000,143,0,0,57,96,89,1,0,0,0,0,5976.000000,-5.000000,-5.000000,-2.000000,0,1,500,280,279,1,248,250,0,110,10,65,15,300,390,80
252.500000,-0.375000,400.000000,0.000000,0.000000,102,0,0,57,96,89,1,0,0,0,0,5976.000000,9.000000,9.000000,9.000000,0,1,500,280,279,1,248,250,0,110,10,65,15,300,390,80
252.375000,0.000000,400.000000,0.000000,0.000000,143,0,0,57,96,89,1,0,0,0,0,5973.000000,-5.000000,-5.000000,-4.000000,0,1,500,280,279,1,248,250,0,110,10,65,15,300,390,80
252.500000,0.000000,400.000000,0.000000,0.000000,112,0,0,57,96,89,1,0,0,0,0,5976.000000,-5.000000,-5.000000,-2.000000,0,1,500,280,279,1,248,250,0,110,10,65,15,300,390,80
252.625000,-0.250000,400.000000,0.000000,0.000000,82,0,0,57,96,89,1,0,0,0,0,5976.000000,-7.000000,-5.000000,-7.000000,0,1,500,280,279,1,248,250,0,110,10,65,15,300,390,80
252.500000,-0.125000,400.000000,0.000000,0.000000,60,0,0,57,96,89,1,0,0,0,0,5976.000000,-5.000000,-5.000000,-4.000000,0,1,500,280,279,1,248,250,0,110,10,65,15,300,390,80
252.500000,0.000000,400.000000,0.000000,0.000000,35,0,0,57,96,89,1,0,0,0,0,5973.000000,-2.000000,-2.000000,0.000000,0,1,500,280,279,1,248,250,0,110,10,65,15,300,390,80
252.500000,0.000000,400.000000,0.000000,0.000000,13,0,0,57,96,89,1,0,0,0,0,5976.000000,7.000000,7.000000,12.000000,0,1,500,280,279,1,248,250,0,110,10,65,15,300,390,80
246.750000,3.500000,400.000000,10.500000,0.000000,171,0,0,57,96,89,1,84,0,0,0,5976.000000,14.000000,14.000000,14.000000,84,1,500,280,279,1,248,250,0,110,10,65,15,300,390,80
251.875000,-0.750000,400.000000,0.000000,0.000000,196,0,0,57,96,89,1,0,0,0,0,5979.000000,2.000000,2.000000,3.000000,0,1,500,280,279,1,248,250,0,110,10,65,15,300,390,80
252.250000,-0.500000,400.000000,0.000000,0.000000,169,0,0,57,96,89,1,0,0,0,0,5976.000000,1.000000,1.000000,6.000000,0,1,500,280,279,1,248,250,0,110,10,65,15,300,390,80
252.375000,-0.375000,400.000000,0.000000,0.000000,136,0,0,57,96,89,1,0,0,0,0,5976.000000,1.000000,1.000000,4.000000,0,1,500,280,279,1,248,250,0,110,10,65,15,300,390,80
246.250000,2.875000,400.000000,10.500000,0.000000,201,0,0,57,96,89,1,72,0,0,0,5976.000000,12.000000,14.000000,12.000000,72,1,500,280,279,1,248,250,0,110,10,65,15,300,390,80
252.000000,0.000000,400.000000,0.000000,0.000000,214,0,0,57,96,89,1,0,0,0,0,5976.000000,-5.000000,-5.000000,-4.000000,0,1,500,280,279,1,248,250,0,110,10,65,15,300,390,80
252.250000,-0.375000,400.000000,0.000000,0.000000,172,0,0,57,96,89,1,0,0,0,0,5976.000000,-5.000000,-5.000000,-4.000000,0,1,500,280,279,1,248,250,0,110,10,65,15,300,390,80
252.375000,-0.250000,400.000000,0.000000,0.000000,136,0,0,57,96,89,1,0,0,0,0,5976.000000,-5.000000,-5.000000,-5.000000,0,1,500,280,279,1,248,250,0,110,10,65,15,300,390,80
252.375000,0.250000,400.000000,0.000000,0.000000,110,0,0,57,96,89,1,0,0,0,0,5976.000000,-5.000000,-5.000000,-4.000000,0,1,500,280,279,1,248,250,0,110,10,65,15,300,390,80
252.500000,-0.125000,400.000000,0.000000,0.000000,74,0,0,57,96,89,1,0,0,0,0,5976.000000,2.000000,2.000000,7.000000,0,1,500,280,279,1,248,250,0,110,10,65,15,300,390,80
249.875000,1.500000,400.000000,8.250000,0.000000,78,0,0,57,96,89,1,66,0,0,0,5976.000000,11.000000,11.000000,14.000000,66,1,500,280,279,1,248,250,0,110,10,65,15,300,390,80
251.625000,0.375000,400.000000,0.000000,0.000000,197,0,0,57,96,89,1,0,0,0,0,5976.000000,-5.000000,-5.000000,3.000000,0,1,500,280,279,1,248,250,0,110,10,65,15,300,390,80
252.125000,-0.125000,400.000000,0.000000,0.000000,156,0,0,57,96,89,1,0,0,0,0,5973.000000,-8.000000,-5.000000,-8.000000,0,1,500,280,279,1,248,250,0,110,10,65,15,300,390,80
252.250000,-0.375000,400.000000,0.000000,0.000000,126,0,0,57,96,89,1,0,0,0,0,5976.000000,-5.000000,-5.000000,-2.000000,0,1,500,280,279,1,248,250,0,110,10,65,15,300,390,80
252.375000,0.375000,400.000000,0.000000,0.000000,98,0,0,57,96,89,1,0,0,0,0,5976.000000,-6.000000,-6.000000,5.000000,0,1,500,280,279,1,248,250,0,110,10,65,15,300,390,80
252.375000,-0.250000,400.000000,0.000000,0.000000,71,0,0,57,96,89,1,0,0,0,0,5976.000000,9.000000,9.000000,11.000000,0,1,500,280,279,1,248,250,0,110,10,65,15,300,390,80
246.125000,3.625000,400.000000,11.250000,0.000000,181,0,0,57,96,89,1,90,0,0,0,5976.000000,15.000000,15.000000,17.000000,90,1,500,280,279,1,248,250,0,110,10,65,15,300,390,80
252.000000,0.250000,400.000000,0.000000,0.000000,182,0,0,57,96,89,1,0,0,0,0,5973.000000,-6.000000,-5.000000,-6.000000,0,1,500,280,279,1,248,250,0,110,10,65,15,300,390,80
252.250000,0.500000,400.000000,0.000000,0.000000,145,0,0,57,96,89,1,0,0,0,0,5976.000000,-5.000000,-5.000000,-5.000000,0,1,500,280,279,1,248,250,0,110,10,65,15,300,390,80
252.375000,-0.125000,400.000000,0.000000,0.000000,109,0,0,57,96,89,1,0,0,0,0,5970.000000,-6.000000,-5.000000,-6.000000,0,1,500,280,279,1,248,250,0,110,10,65,15,300,390,80
252.250000,-0.250000,400.000000,0.000000,0.000000,83,0,0,57,96,89,1,0,0,0,0,5967.000000,-5.000000,-5.000000,-3.000000,0,1,500,280,279,1,248,250,0,110,10,65,15,300,390,80
252.250000,0.125000,400.000000,0.000000,0.000000,62,0,0,57,96,89,1,0,0,0,0,5976.000000,-6.000000,-5.000000,-6.000000,0,1,500,280,279,1,248,250,0,110,10,65,15,300,390,80
252.000000,0.000000,400.000000,0.000000,0.000000,35,0,0,57,96,89,1,0,0,0,0,5973.000000,4.000000,4.000000,9.000000,0,1,500,280,279,1,248,250,0,110,10,65,15,300,390,80
252.125000,0.000000,400.000000,8.250000,0.000000,24,0,0,57,96,89,1,66,0,0,0,5976.000000,11.000000,11.000000,13.000000,66,1,500,280,279,1,248,250,0,110,10,65,15,300,390,80
247.000000,2.125000,400.000000,9.000000,0.000000,184,0,0,57,96,89,1,72,0,0,0,5973.000000,12.000000,12.000000,18.000000,72,1,500,280,279,1,248,250,0,110,10,65,15,300,390,80
252.000000,0.000000,400.000000,0.000000,0.000000,183,0,0,57,96,89,1,0,0,0,0,5976.000000,-6.000000,-5.000000,-6.000000,0,1,500,280,279,1,248,250,0,110,10,65,15,300,390,80
252.125000,-0.500000,400.000000,0.000000,0.000000,148,0,0,57,96,89,1,0,0,0,0,5973.000000,-5.000000,-5.000000,-4.000000,0,1,500,280,279,1,248,250,0,110,10,65,15,300,390,80
252.375000,0.250000,400.000000,0.000000,0.000000,123,0,0,57,96,89,1,0,0,0,0,5976.000000,-5.000000,-5.000000,-2.000000,0,1,500,280,279,1,248,250,0,110,10,65,15,300,390,80
252.250000,0.125000,400.000000,0.000000,0.000000,88,0,0,57,96,89,1,0,0,0,0,5970.000000,-4.000000,-4.000000,0.000000,0,1,500,280,279,1,248,250,0,110,10,65,15,300,390,80
252.375000,0.000000,400.000000,0.000000,0.000000,62,0,0,57,96,89,1,0,0,0,0,5976.000000,0.000000,0.000000,6.000000,0,1,500,280,279,1,248,250,0,110,10,65,15,300,390,80
248.250000,1.500000,400.000000,7.500000,0.000000,148,0,0,57,96,89,1,60,0,0,0,5973.000000,10.000000,10.000000,11.000000,60,1,500,280,279,1,248,250,0,110,10,65,15,300,390,80
252.000000,-0.250000,400.000000,0.000000,0.000000,147,0,0,57,98,89,1,0,0,0,0,5973.000000,-3.000000,-3.000000,3.000000,0,1,500,280,279,1,248,250,0,110,10,65,15,300,390,80
252.250000,0.000000,400.000000,0.000000,0.000000,120,0,0,57,98,89,1,0,0,0,0,5970.000000,-5.000000,-5.000000,-4.000000,0,1,500,280,279,1,248,250,0,110,10,65,15,300,390,80
252.125000,0.000000,400.000000,0.000000,0.000000,88,0,0,57,98,89,1,0,0,0,0,5973.000000,-5.000000,-5.000000,-2.000000,0,1,500,280,279,1,248,250,0,110,10,65,15,300,390,80
252.125000,0.000000,400.000000,0.000000,0.000000,63,0,0,57,98,89,1,0,0,0,0,5970.000000,-8.000000,-5.000000,-8.000000,0,1,500,280,279,1,248,250,0,110,10,65,15,300,390,80
251.875000,0.000000,400.000000,0.000000,0.000000,41,0,0,57,98,89,1,0,0,0,0,5970.000000,-5.000000,-5.000000,-4.000000,0,1,500,280,279,1,248,250,0,110,10,65,15,300,390,80
252.000000,0.000000,400.000000,0.000000,0.000000,12,0,0,57,98,89,1,0,0,0,0,5970.000000,-5.000000,-5.000000,-1.000000,0,1,500,280,279,1,248,250,0,110,10,65,15,300,390,80
251.250000,0.000000,400.000000,0.000000,0.000000,0,0,0,57,98,89,1,0,0,0,0,5970.000000,-5.000000,-5.000000,-4.000000,0,1,500,280,279,1,248,250,0,110,10,65,15,300,390,80
252.000000,0.000000,400.000000,0.000000,0.000000,0,0,0,57,98,89,1,0,0,0,0,5970.000000,-5.000000,-5.000000,-1.000000,0,1,500,280,279,1,248,250,0,110,10,65,15,300,390,80
249.000000,2.250000,400.000000,12.000000,0.000000,63,0,0,57,98,89,1,96,0,0,0,5973.000000,16.000000,16.000000,18.000000,96,1,500,280,279,1,248,250,0,110,10,65,15,300,390,80
250.875000,0.500000,400.000000,0.000000,0.000000,242,0,0,57,98,89,1,0,0,0,0,5973.000000,7.000000,7.000000,8.000000,0,1,500,280,279,1,248,250,0,110,10,65,15,300,390,80
251.875000,-0.500000,400.000000,0.000000,0.000000,198,0,0,57,98,89,1,0,0,0,0,5973.000000,-6.000000,-5.000000,-6.000000,0,1,500,280,279,1,248,250,0,110,10,65,15,300,390,80
252.000000,-0.375000,400.000000,0.000000,0.000000,169,0,0,57,98,89,1,0,0,0,0,5970.000000,-6.000000,-5.000000,-6.000000,0,1,500,280,279,1,248,250,0,110,10,65,15,300,390,80
252.125000,-0.125000,400.000000,0.000000,0.000000,139,0,0,57,98,89,1,0,0,0,0,5970.000000,-5.000000,-5.000000,-4.000000,0,1,500,280,279,1,248,250,0,110,10,65,15,300,390,80
252.250000,-0.500000,400.000000,0.000000,0.000000,107,0,0,57,98,89,1,0,0,0,0,5970.000000,-5.000000,-5.000000,-4.000000,0,1,500,280,279,1,248,250,0,110,10,65,15,300,390,80
252.375000,-0.125000,400.000000,0.000000,0.000000,74,0,0,57,98,89,1,0,0,0,0,5970.000000,-5.000000,-5.000000,-4.000000,0,1,500,280,279,1,248,250,0,110,10,65,15,300,390,80
252.000000,0.000000,400.000000,0.000000,0.000000,60,0,0,57,98,89,1,0,0,0,0,5970.000000,-5.000000,-5.000000,-3.000000,0,1,500,280,279,1,248,250,0,110,10,65,15,300,390,80
252.250000,0.000000,400.000000,0.000000,0.000000,35,0,0,57,98,89,1,0,0,0,0,5970.000000,-5.000000,-5.000000,-3.000000,0,1,500,280,279,1,248,250,0,110,10,65,15,300,390,80
252.250000,0.000000,400.000000,0.000000,0.000000,20,0,0,57,98,89,1,0,0,0,0,5970.000000,-6.000000,-5.000000,-6.000000,0,1,500,280,279,1,248,250,0,110,10,65,15,300,390,80
250.875000,0.875000,400.000000,9.000000,0.000000,16,0,0,57,98,89,1,72,0,0,0,5970.000000,12.000000,12.000000,18.000000,72,1,500,280,279,1,248,250,0,110,10,65,15,300,390,80
244.875000,3.250000,400.000000,10.500000,0.000000,224,0,0,57,98,89,1,84,0,0,0,5973.000000,14.000000,15.000000,14.000000,84,1,500,280,279,1,248,250,0,110,10,65,15,300,390,80
251.750000,-0.625000,400.000000,0.000000,0.000000,217,0,0,57,98,89,1,0,0,0,0,5970.000000,-5.000000,-5.000000,-4.000000,0,1,500,280,279,1,248,250,0,110,10,65,15,300,390,80
251.875000,0.000000,400.000000,0.000000,0.000000,165,0,0,57,98,89,1,0,0,0,0,5970.000000,-5.000000,-5.000000,-5.000000,0,1,500,280,279,1,248,250,0,110,10,65,15,300,390,80
252.125000,-0.125000,400.000000,0.000000,0.000000,117,0,0,57,98,89,1,0,0,0,0,5970.000000,-5.000000,-5.000000,-1.000000,0,1,500,280,279,1,248,250,0,110,10,65,15,300,390,80
252.125000,0.000000,400.000000,0.000000,0.000000,91,0,0,57,98,89,1,0,0,0,0,5970.000000,-5.000000,-5.000000,-4.000000,0,1,500,280,279,1,248,250,0,110,10,65,15,300,390,80
252.125000,-0.125000,400.000000,0.000000,0.000000,65,0,0,57,98,89,1,0,0,0,0,5964.000000,-5.000000,-5.000000,2.000000,0,1,500,280,279,1,248,250,0,110,10,65,15,300,390,80
252.125000,0.000000,400.000000,0.000000,0.000000,31,0,0,57,98,89,1,0,0,0,0,5970.000000,-1.000000,-1.000000,4.000000,0,1,500,280,279,1,248,250,0,110,10,65,15,300,390,80
252.250000,0.000000,400.000000,0.000000,0.000000,11,0,0,57,98,89,1,0,0,0,0,5967.000000,1.000000,1.000000,5.000000,0,1,500,280,279,1,248,250,0,110,10,65,15,300,390,80
251.750000,0.750000,400.000000,9.000000,0.000000,14,0,0,57,98,89,1,72,0,0,0,5967.000000,12.000000,12.000000,15.000000,72,1,500,280,279,1,248,250,0,110,10,65,15,300,390,80
246.500000,2.375000,400.000000,9.750000,0.000000,183,0,0,57,98,89,1,78,0,0,0,5967.000000,13.000000,13.000000,15.000000,78,1,500,280,279,1,248,250,0,110,10,65,15,300,390,80
250.000000,0.625000,400.000000,0.000000,0.000000,324,0,0,57,100,89,1,0,0,0,0,5967.000000,8.000000,8.000000,11.000000,0,1,500,280,279,1,248,250,0,110,10,65,15,300,390,80
251.375000,1.000000,400.000000,0.000000,0.000000,281,0,0,57,100,89,1,0,0,0,0,5970.000000,-1.000000,-1.000000,4.000000,0,1,500,280,279,1,248,250,0,110,10,65,15,300,390,80
251.750000,-0.500000,400.000000,0.000000,0.000000,242,0,0,57,100,89,1,0,0,0,0,5970.000000,-1.000000,-1.000000,4.000000,0,1,500,280,279,1,248,250,0,110,10,65,15,300,390,80
252.000000,0.500000,400.000000,0.000000,0.000000,200,0,0,57,100,89,1,0,0,0,0,5970.000000,-1.000000,-1.000000,3.000000,0,1,500,280,279,1,248,250,0,110,10,65,15,300,390,80
252.125000,-0.625000,400.000000,0.000000,0.000000,172,0,0,57,98,89,1,0,0,0,0,5970.000000,5.000000,5.000000,6.000000,0,1,500,280,279,1,248,250,0,110,10,65,15,300,390,80
252.125000,0.000000,400.000000,0.000000,0.000000,134,0,0,57,98,89,1,0,0,0,0,5967.000000,7.000000,7.000000,10.000000,0,1,500,280,279,1,248,250,0,110,10,65,15,300,390,80
252.125000,0.000000,400.000000,0.000000,0.000000,107,0,0,57,98,89,1,0,0,0,0,5970.000000,7.000000,7.000000,10.000000,0,1,500,280,279,1,248,250,0,110,10,65,15,300,390,80
249.125000,1.500000,400.000000,9.750000,0.000000,113,0,0,57,98,89,1,78,0,0,0,5967.000000,13.000000,13.000000,13.000000,78,1,500,280,279,1,248,250,0,110,10,65,15,300,390,80
245.000000,2.875000,400.000000,7.500000,0.000000,298,0,0,57,100,89,1,60,0,0,0,5973.000000,10.000000,10.000000,15.000000,60,1,500,280,279,1,248,250,0,110,10,65,15,300,390,80
251.375000,0.000000,400.000000,0.000000,0.000000,268,0,0,57,100,89,1,0,0,0,0,5970.000000,-2.000000,-2.000000,5.000000,0,1,500,280,279,1,248,250,0,110,10,65,15,300,390,80
251.750000,0.500000,400.000000,0.000000,0.000000,238,0,0,57,100,89,1,0,0,0,0,5970.000000,6.000000,6.000000,10.000000,0,1,500,280,279,1,248,250,0,110,10,65,15,300,390,80
244.125000,4.875000,400.000000,7.500000,0.000000,327,0,0,57,100,89,1,60,0,0,0,5976.000000,10.000000,10.000000,18.000000,60,1,500,280,279,1,248,250,0,110,10,65,15,300,390,80
251.125000,0.750000,400.000000,0.000000,0.000000,305,0,0,57,100,89,1,0,0,0,0,5967.000000,-6.000000,-6.000000,-6.000000,0,1,500,280,279,1,248,250,0,110,10,65,15,300,390,80
251.625000,0.000000,400.000000,0.000000,0.000000,259,0,0,57,100,89,1,0,0,0,0,5967.000000,-6.000000,-6.000000,0.000000,0,1,500,280,279,1,248,250,0,110,10,65,15,300,390,80
251.875000,0.125000,400.000000,0.000000,0.000000,224,0,0,57,100,89,1,0,0,0,0,5967.000000,-6.000000,-6.000000,-3.000000,0,1,500,280,279,1,248,250,0,110,10,65,15,300,390,80
251.875000,0.375000,400.000000,0.000000,0.000000,187,0,0,59,100,89,1,0,0,0,0,5964.000000,-6.000000,-6.000000,-2.000000,0,1,500,280,279,1,248,250,0,110,10,65,15,300,390,80
252.000000,0.500000,400.000000,0.000000,0.000000,146,0,0,59,100,89,1,0,0,0,0,5967.000000,4.000000,4.000000,10.000000,0,1,500,280,279,1,248,250,0,110,10,65,15,300,390,80
252.000000,0.000000,400.000000,0.000000,0.000000,132,0,0,59,100,89,1,0,0,0,0,5967.000000,-5.000000,-5.000000,-2.000000,0,1,500,280,279,1,248,250,0,110,10,65,15,300,390,80
252.000000,-0.125000,400.000000,0.000000,0.000000,104,0,0,59,100,89,1,0,0,0,0,5970.000000,-4.000000,-4.000000,8.000000,0,1,500,280,279,1,248,250,0,110,10,65,15,300,390,80
249.125000,1.250000,400.000000,7.500000,0.000000,112,0,0,59,100,89,1,60,0,0,0,5967.000000,10.000000,10.000000,14.000000,60,1,500,280,279,1,248,250,0,110,10,65,15,300,390,80
251.250000,0.375000,400.000000,0.000000,0.000000,208,0,0,59,100,89,1,0,0,0,0,5967.000000,0.000000,0.000000,5.000000,0,1,500,280,279,1,248,250,0,110,10,65,15,300,390,80
251.750000,0.125000,400.000000,0.000000,0.000000,171,0,0,59,100,89,1,0,0,0,0,5967.000000,-6.000000,-6.000000,5.000000,0,1,500,280,279,1,248,250,0,110,10,65,15,300,390,80
252.000000,0.000000,400.000000,0.000000,0.000000,136,0,0,59,100,89,1,0,0,0,0,5970.000000,-5.000000,-5.000000,0.000000,0,1,500,280,279,1,248,250,0,110,10,65,15,300,390,80
252.000000,-0.375000,400.000000,0.000000,0.000000,102,0,0,59,100,89,1,0,0,0,0,5967.000000,-6.000000,-6.000000,0.000000,0,1,500,280,279,1,248,250,0,110,10,65,15,300,390,80
252.125000,-0.125000,400.000000,0.000000,0.000000,75,0,0,59,100,89,1,0,0,0,0,5967.000000,-5.000000,-5.000000,6.000000,0,1,500,280,279,1,248,250,0,110,10,65,15,300,390,80
247.375000,1.750000,400.000000,8.250000,0.000000,170,0,0,59,100,89,1,66,0,0,0,5967.000000,11.000000,11.000000,16.000000,66,1,500,280,279,1,248,250,0,110,10,65,15,300,390,80
243.875000,3.250000,400.000000,8.250000,0.000000,309,0,0,59,100,89,1,66,0,0,0,5973.000000,11.000000,11.000000,12.000000,66,1,500,280,279,1,248,250,0,110,10,65,15,300,390,80
242.000000,5.500000,400.000000,8.250000,0.000000,422,0,0,59,100,89,1,66,0,0,0,5964.000000,11.000000,11.000000,11.000000,66,1,500,280,279,1,248,250,0,110,10,65,15,300,390,80
238.625000,5.125000,400.000000,0.000000,0.000000,544,0,0,59,100,89,1,0,0,0,0,5964.000000,-6.000000,-6.000000,-4.000000,0,1,500,280,279,1,248,250,0,110,10,65,15,300,390,80
250.750000,1.000000,400.000000,0.000000,0.000000,494,0,0,59,100,89,1,0,0,0,0,5967.000000,-5.000000,-5.000000,-3.000000,0,1,500,280,279,1,248,250,0,110,10,65,15,300,390,80
251.125000,0.625000,400.000000,0.000000,0.000000,429,0,0,59,100,89,1,0,0,0,0,5967.000000,-5.000000,-5.000000,-5.000000,0,1,500,280,279,1,248,250,0,110,10,65,15,300,390,80
251.250000,1.125000,400.000000,0.000000,0.000000,380,0,0,59,100,89,1,0,0,0,0,5967.000000,-5.000000,-5.000000,-3.000000,0,1,500,280,279,1,248,250,0,110,10,65,15,300,390,80
251.500000,-0.125000,400.000000,0.000000,0.000000,336,0,0,59,100,89,1,0,0,0,0,5967.000000,-6.000000,-5.000000,-6.000000,0,1,500,280,279,1,248,250,0,110,10,65,15,300,390,80
251.625000,-0.500000,400.000000,0.000000,0.000000,287,0,0,59,100,89,1,0,0,0,0,5967.000000,-5.000000,-5.000000,-5.000000,0,1,500,280,279,1,248,250,0,110,10,65,15,300,390,80
251.750000,-0.500000,400.000000,0.000000,0.000000,207,0,0,59,100,89,1,0,0,0,0,5964.000000,-5.000000,-5.000000,-1.000000,0,1,500,280,279,1,248,250,0,110,10,65,15,300,390,80
251.750000,0.000000,400.000000,0.000000,0.000000,99,0,0,59,100,89,1,0,0,0,0,5967.000000,-6.000000,-6.000000,-2.000000,0,1,500,280,279,1,248,250,0,110,10,65,15,300,390,80
250.875000,0.000000,400.000000,0.000000,0.000000,0,0,0,59,100,89,1,0,0,0,0,5964.000000,-5.000000,-5.000000,-5.000000,0,1,500,280,279,1,248,250,0,110,10,65,15,300,390,80
251.250000,0.000000,400.000000,0.000000,0.000000,0,0,0,59,100,89,1,0,0,0,0,5964.000000,-5.000000,-5.000000,-4.000000,0,1,500,280,279,1,248,250,0,110,10,65,15,300,390,80
250.875000,0.000000,400.000000,0.000000,0.000000,0,0,0,59,100,89,1,0,0,0,0,5967.000000,-5.000000,-5.000000,0.000000,0,1,500,280,279,1,248,250,0,110,10,65,15,300,390,80
251.000000,0.000000,400.000000,0.000000,0.000000,0,0,0,59,100,89,1,0,0,0,0,5964.000000,-5.000000,-5.000000,-4.000000,0,1,500,280,279,1,248,250,0,110,10,65,15,300,390,80
250.875000,0.000000,400.000000,0.000000,0.000000,0,0,0,59,100,89,1,0,0,0,0,5967.000000,-5.000000,-5.000000,-5.000000,0,1,500,280,279,1,248,250,0,110,10,65,15,300,390,80
251.000000,0.000000,400.000000,0.000000,0.000000,0,0,0,59,100,89,1,0,0,0,0,5964.000000,-5.000000,-5.000000,-5.000000,0,1,500,280,279,1,248,250,0,110,10,65,15,300,390,80
250.875000,0.000000,400.000000,0.000000,0.000000,0,0,0,59,100,89,1,0,0,0,0,5970.000000,-5.000000,-5.000000,-2.000000,0,1,500,280,279,1,248,250,0,110,10,65,15,300,390,80
250.875000,0.000000,400.000000,0.000000,0.000000,0,0,0,59,100,89,1,0,0,0,0,5964.000000,-5.000000,-5.000000,-5.000000,0,1,500,280,279,1,248,250,0,110,10,65,15,300,390,80
251.125000,0.000000,400.000000,0.000000,0.000000,0,0,0,59,102,89,1,0,0,0,0,5967.000000,-6.000000,-5.000000,-6.000000,0,1,500,280,279,1,248,250,0,110,10,65,15,300,390,80
250.875000,0.000000,400.000000,0.000000,0.000000,0,0,0,59,102,89,1,0,0,0,0,5964.000000,-5.000000,-5.000000,-2.000000,0,1,500,280,279,1,248,250,0,110,10,65,15,300,390,80
251.000000,0.000000,400.000000,0.000000,0.000000,0,0,0,59,102,89,1,0,0,0,0,5964.000000,-5.000000,-5.000000,-5.000000,0,1,500,280,279,1,248,250,0,110,10,65,15,300,390,80
251.000000,0.000000,400.000000,0.000000,0.000000,0,0,0,59,102,89,1,0,0,0,0,5961.000000,-5.000000,-5.000000,-5.000000,0,1,500,280,279,1,248,250,0,110,10,65,15,300,390,80
250.875000,0.000000,400.000000,0.000000,0.000000,0,0,0,59,102,89,1,0,0,0,0,5964.000000,-5.000000,-5.000000,-4.000000,0,1,500,280,279,1,248,250,0,110,10,65,15,300,390,80
250.875000,0.000000,400.000000,0.000000,0.000000,0,0,0,59,102,89,1,0,0,0,0,5964.000000,-5.000000,-5.000000,-5.000000,0,1,500,280,279,1,248,250,0,110,10,65,15,300,390,80
250.875000,0.000000,400.000000,0.000000,0.000000,0,0,0,59,102,89,1,0,0,0,0,5964.000000,-5.000000,-5.000000,-3.000000,0,1,500,280,279,1,248,250,0,110,10,65,15,300,390,80
251.000000,0.000000,400.000000,0.000000,0.000000,0,0,0,59,102,89,1,0,0,0,0,5964.000000,-5.000000,-5.000000,-3.000000,0,1,500,280,279,1,248,250,0,110,10,65,15,300,390,80
251.000000,0.000000,400.000000,0.000000,0.000000,0,0,0,59,102,89,1,0,0,0,0,5964.000000,-5.000000,-5.000000,-3.000000,0,1,500,280,279,1,248,250,0,110,10,65,15,300,390,80
251.000000,0.000000,400.000000,0.000000,0.000000,0,0,0,59,102,89,1,0,0,0,0,5961.000000,-6.000000,-6.000000,-3.000000,0,1,500,280,279,1,248,250,0,110,10,65,15,300,390,80
250.875000,0.000000,400.000000,0.000000,0.000000,0,0,0,59,102,89,1,0,0,0,0,5964.000000,-5.000000,-5.000000,-3.000000,0,1,500,280,279,1,248,250,0,110,10,65,15,300,390,80
251.000000,0.000000,400.000000,0.000000,0.000000,0,0,0,59,102,89,1,0,0,0,0,5964.000000,-5.000000,-5.000000,-3.000000,0,1,500,280,279,1,248,250,0,110,10,65,15,300,390,80
251.000000,0.000000,400.000000,0.000000,0.000000,0,0,0,59,102,89,1,0,0,0,0,5961.000000,-7.000000,-5.000000,-7.000000,0,1,500,280,279,1,248,250,0,110,10,65,15,300,390,80
251.000000,0.000000,400.000000,0.000000,0.000000,0,0,0,59,102,89,1,0,0,0,0,5961.000000,-5.000000,-5.000000,-5.000000,0,1,500,280,279,1,248,250,0,110,10,65,15,300,390,80
251.000000,0.000000,400.000000,0.000000,0.000000,0,0,0,59,102,89,1,0,0,0,0,5961.000000,-5.000000,-5.000000,-3.000000,0,1,500,280,279,1,248,250,0,110,10,65,15,300,390,80
251.250000,0.000000,400.000000,0.000000,0.000000,0,0,0,59,102,89,1,0,0,0,0,5961.000000,-5.000000,-5.000000,-1.000000,0,1,500,280,279,1,248,250,0,110,10,65,15,300,390,80
251.000000,0.000000,400.000000,0.000000,0.000000,0,0,0,59,102,89,1,0,0,0,0,5964.000000,-5.000000,-5.000000,-3.000000,0,1,500,280,279,1,248,250,0,110,10,65,15,300,390,80
251.125000,0.000000,400.000000,0.000000,0.000000,0,0,0,59,102,89,1,0,0,0,0,5961.000000,-5.000000,-5.000000,-2.000000,0,1,500,280,279,1,248,250,0,110,10,65,15,300,390,80
251.000000,0.000000,400.000000,0.000000,0.000000,0,0,0,59,102,89,1,0,0,0,0,5961.000000,-6.000000,-6.000000,-4.000000,0,1,500,280,279,1,248,250,0,110,10,65,15,300,390,80
251.000000,0.000000,400.000000,0.000000,0.000000,0,0,0,59,102,89,1,0,0,0,0,5964.000000,-5.000000,-5.000000,-5.000000,0,1,500,280,279,1,248,250,0,110,10,65,15,300,390,80
251.000000,0.000000,400.000000,0.000000,0.000000,0,0,0,59,102,89,1,0,0,0,0,5961.000000,-5.000000,-5.000000,-4.000000,0,1,500,280,279,1,248,250,0,110,10,65,15,300,390,80
251.125000,0.000000,400.000000,0.000000,0.000000,0,0,0,59,102,89,1,0,0,0,0,5961.000000,-7.000000,-5.000000,-7.000000,0,1,500,280,279,1,248,250,0,110,10,65,15,300,390,80
251.000000,0.000000,400.000000,0.000000,0.000000,0,0,0,59,102,89,1,0,0,0,0,5964.000000,-7.000000,-5.000000,-7.000000,0,1,500,280,279,1,248,250,0,110,10,65,15,300,390,80
251.000000,0.000000,400.000000,0.000000,0.000000,0,0,0,59,102,89,1,0,0,0,0,5961.000000,-5.000000,-5.000000,-4.000000,0,1,500,280,279,1,248,250,0,110,10,65,15,300,390,80
251.000000,0.000000,400.000000,0.000000,0.000000,0,0,0,59,102,89,1,0,0,0,0,5964.000000,-5.000000,-5.000000,-4.000000,0,1,500,280,279,1,248,250,0,110,10,65,15,300,390,80
251.000000,0.000000,400.000000,0.000000,0.000000,0,0,0,59,102,89,1,0,0,0,0,5961.000000,-5.000000,-5.000000,-2.000000,0,1,500,280,279,1,248,250,0,110,10,65,15,300,390,80
251.000000,0.000000,400.000000,0.000000,0.000000,0,0,0,59,104,89,1,0,0,0,0,5961.000000,-5.000000,-5.000000,-5.000000,0,1,500,280,279,1,248,250,0,110,10,65,15,300,390,80
250.875000,0.000000,400.000000,0.000000,0.000000,0,0,0,59,104,89,1,0,0,0,0,5961.000000,-5.000000,-5.000000,-4.000000,0,1,500,280,279,1,248,250,0,110,10,65,15,300,390,80
251.000000,0.000000,400.000000,0.000000,0.000000,0,0,0,59,104,89,1,0,0,0,0,5961.000000,-5.000000,-5.000000,-2.000000,0,1,500,280,279,1,248,250,0,110,10,65,15,300,390,80
251.125000,0.000000,400.000000,0.000000,0.000000,0,0,0,59,104,89,1,0,0,0,0,5961.000000,-5.000000,-5.000000,-2.000000,0,1,500,280,279,1,248,250,0,110,10,65,15,300,390,80
250.875000,0.000000,400.000000,0.000000,0.000000,0,0,0,59,104,89,1,0,0,0,0,5961.000000,-5.000000,-5.000000,-3.000000,0,1,500,280,279,1,248,250,0,110,10,65,15,300,390,80
251.000000,0.000000,400.000000,0.000000,0.000000,0,0,0,59,104,89,1,0,0,0,0,5961.000000,-5.000000,-5.000000,-3.000000,0,1,500,280,279,1,248,250,0,110,10,65,15,300,390,80
250.875000,0.000000,400.000000,0.000000,0.000000,0,0,0,59,104,89,1,0,0,0,0,5961.000000,-5.000000,-5.000000,-3.000000,0,1,500,280,279,1,248,250,0,110,10,65,15,300,390,80
250.875000,0.000000,400.000000,0.000000,0.000000,0,0,0,59,104,89,1,0,0,0,0,5961.000000,-5.000000,-5.000000,-5.000000,0,1,500,280,279,1,248,250,0,110,10,65,15,300,390,80
251.000000,0.000000,400.000000,0.000000,0.000000,0,0,0,59,104,89,1,0,0,0,0,5961.000000,-5.000000,-5.000000,-3.000000,0,1,500,280,279,1,248,250,0,110,10,65,15,300,390,80
251.000000,0.000000,400.000000,0.000000,0.000000,0,0,0,59,104,89,1,0,0,0,0,5961.000000,-5.000000,-5.000000,-5.000000,0,1,500,280,279,1,248,250,0,110,10,65,15,300,390,80
251.000000,0.000000,400.000000,0.000000,0.000000,0,0,0,59,104,89,1,0,0,0,0,5961.000000,-5.000000,-5.000000,-3.000000,0,1,500,280,279,1,248,250,0,110,10,65,15,300,390,80
251.000000,0.000000,400.000000,0.000000,0.000000,0,0,0,59,104,89,1,0,0,0,0,5961.000000,-5.000000,-5.000000,-3.000000,0,1,500,280,279,1,248,250,0,110,10,65,15,300,390,80
250.875000,0.000000,400.000000,0.000000,0.000000,0,0,0,59,104,89,1,0,0,0,0,5964.000000,-5.000000,-5.000000,-3.000000,0,1,500,280,279,1,248,250,0,110,10,65,15,300,390,80
250.875000,0.000000,400.000000,0.000000,0.000000,0,0,0,59,104,89,1,0,0,0,0,5961.000000,-5.000000,-5.000000,-5.000000,0,1,500,280,279,1,248,250,0,110,10,65,15,300,390,80
250.875000,0.000000,400.000000,0.000000,0.000000,0,0,0,59,104,89,1,0,0,0,0,5961.000000,-5.000000,-5.000000,-2.000000,0,1,500,280,279,1,248,250,0,110,10,65,15,300,390,80
251.125000,0.000000,400.000000,0.000000,0.000000,0,0,0,59,104,89,1,0,0,0,0,5961.000000,-6.000000,-5.000000,-6.000000,0,1,500,280,279,1,248,250,0,110,10,65,15,300,390,80
73.875000,0.000000,335.250000,0.000000,0.000000,0,8,22,59,104,89,0,0,0,0,0,5961.000000,-5.000000,-5.000000,-5.000000,0,1,500,280,279,1,248,250,0,110,10,65,15,300,390,80
73.500000,0.000000,335.250000,0.000000,0.000000,0,8,22,59,104,89,0,0,0,0,0,5961.000000,-5.000000,-5.000000,-3.000000,0,1,500,280,279,1,248,250,0,110,10,65,15,300,390,80
73.000000,0.000000,335.250000,0.000000,0.000000,0,8,22,59,104,89,0,0,0,0,0,5961.000000,-5.000000,-5.000000,-5.000000,0,1,500,280,279,1,248,250,0,110,10,65,15,300,390,80
72.625000,0.000000,335.250000,0.000000,0.000000,0,8,22,59,104,89,0,0,0,0,0,5961.000000,-5.000000,-5.000000,-5.000000,0,1,500,280,279,1,248,250,0,110,10,65,15,300,390,80
72.250000,0.000000,335.250000,0.000000,0.000000,0,8,22,59,104,89,0,0,0,0,0,5961.000000,-5.000000,-5.000000,-5.000000,0,1,500,280,279,1,248,250,0,110,10,65,15,300,390,80
71.750000,0.000000,335.250000,0.000000,0.000000,0,8,22,59,104,89,0,0,0,0,0,5961.000000,-5.000000,-5.000000,-1.000000,0,1,500,280,279,1,248,250,0,110,10,65,15,300,390,80
71.250000,0.000000,335.250000,0.000000,0.000000,0,8,22,59,104,89,0,0,0,0,0,5961.000000,-5.000000,-5.000000,-3.000000,0,1,500,280,279,1,248,250,0,110,10,65,15,300,390,80
70.875000,0.000000,335.250000,0.000000,0.000000,0,8,22,59,102,89,0,0,0,0,0,5961.000000,-5.000000,-5.000000,-1.000000,0,1,500,280,279,1,248,250,0,110,10,65,15,300,390,80
70.500000,0.000000,335.250000,0.000000,0.000000,0,8,22,59,102,89,0,0,0,0,0,5961.000000,-5.000000,-5.000000,-2.000000,0,1,500,280,279,1,248,250,0,110,10,65,15,300,390,80
70.125000,0.000000,335.250000,0.000000,0.000000,0,8,22,59,102,89,0,0,0,0,0,5958.000000,-5.000000,-5.000000,-2.000000,0,1,500,280,279,1,248,250,0,110,10,65,15,300,390,80
69.750000,0.000000,335.250000,0.000000,0.000000,0,8,22,59,102,89,0,0,0,0,0,5961.000000,-5.000000,-5.000000,-3.000000,0,1,500,280,279,1,248,250,0,110,10,65,15,300,390,80
69.250000,0.000000,335.250000,0.000000,0.000000,0,8,22,59,102,89,0,0,0,0,0,5961.000000,-5.000000,-5.000000,-2.000000,0,1,500,280,279,1,248,250,0,110,10,65,15,300,390,80
68.875000,0.000000,335.250000,0.000000,0.000000,0,8,22,59,102,89,0,0,0,0,0,5958.000000,-5.000000,-5.000000,-5.000000,0,1,500,280,279,1,248,250,0,110,10,65,15,300,390,80
68.500000,0.000000,335.250000,0.000000,0.000000,0,8,22,59,102,89,0,0,0,0,0,5958.000000,-6.000000,-6.000000,-6.000000,0,1,500,280,279,1,248,250,0,110,10,65,15,300,390,80
68.125000,0.000000,335.250000,0.000000,0.000000,0,8,22,59,102,89,0,0,0,0,0,5961.000000,-5.000000,-5.000000,-3.000000,0,1,500,280,279,1,248,250,0,110,10,65,15,300,390,80
67.750000,0.000000,335.250000,0.000000,0.000000,0,8,22,59,102,89,0,0,0,0,0,5961.000000,-5.000000,-5.000000,-3.000000,0,1,500,280,279,1,248,250,0,110,10,65,15,300,390,80
67.375000,0.000000,335.250000,0.000000,0.000000,0,8,22,59,102,89,0,0,0,0,0,5961.000000,-5.000000,-5.000000,-2.000000,0,1,500,280,279,1,248,250,0,110,10,65,15,300,390,80
67.000000,0.000000,335.250000,0.000000,0.000000,0,8,22,59,102,89,0,0,0,0,0,5961.000000,-5.000000,-5.000000,-1.000000,0,1,500,280,279,1,248,250,0,110,10,65,15,300,390,80
66.625000,0.000000,335.250000,0.000000,0.000000,0,8,22,59,102,89,0,0,0,0,0,5961.000000,-5.000000,-5.000000,-5.000000,0,1,500,280,279,1,248,250,0,110,10,65,15,300,390,80
66.250000,0.000000,335.250000,0.000000,0.000000,0,8,22,59,102,89,0,0,0,0,0,5961.000000,-5.000000,-5.000000,-3.000000,0,1,500,280,279,1,248,250,0,110,10,65,15,300,390,80
65.875000,0.000000,335.250000,0.000000,0.000000,0,8,22,59,102,89,0,0,0,0,0,5961.000000,-5.000000,-5.000000,-5.000000,0,1,500,280,279,1,248,250,0,110,10,65,15,300,390,80
65.500000,0.000000,335.250000,0.000000,0.000000,0,8,22,59,102,89,0,0,0,0,0,5961.000000,-5.000000,-5.000000,-5.000000,0,1,500,280,279,1,248,250,0,110,10,65,15,300,390,80
65.125000,0.000000,335.250000,0.000000,0.000000,0,8,22,59,102,89,0,0,0,0,0,5961.000000,-6.000000,-6.000000,-3.000000,0,1,500,280,279,1,248,250,0,110,10,65,15,300,390,80
64.750000,0.000000,335.250000,0.000000,0.000000,0,8,22,59,102,89,0,0,0,0,0,5958.000000,-5.000000,-5.000000,-4.000000,0,1,500,280,279,1,248,250,0,110,10,65,15,300,390,80
64.250000,0.000000,335.250000,0.000000,0.000000,0,8,22,59,102,89,0,0,0,0,0,5958.000000,-5.000000,-5.000000,-4.000000,0,1,500,280,279,1,248,250,0,110,10,65,15,300,390,80
63.875000,0.000000,335.250000,0.000000,0.000000,0,8,22,59,102,89,0,0,0,0,0,5961.000000,-5.000000,-5.000000,-3.000000,0,1,500,280,279,1,248,250,0,110,10,65,15,300,390,80
144.000000,0.000000,335.250000,0.000000,0.000000,0,8,22,59,102,89,0,0,0,0,0,5958.000000,-5.000000,-5.000000,-3.000000,0,1,500,280,279,1,248,250,0,110,10,65,15,300,390,80
233.625000,0.000000,335.250000,0.000000,0.000000,0,8,22,59,102,89,0,0,0,0,0,5958.000000,-5.000000,-5.000000,-5.000000,0,1,500,280,279,1,248,250,0,110,10,65,15,300,390,80
249.125000,0.000000,335.250000,0.000000,0.000000,0,8,22,59,102,89,0,0,0,0,0,5961.000000,-5.000000,-5.000000,-5.000000,0,1,500,280,279,1,248,250,0,110,10,65,15,300,390,80
252.000000,0.000000,335.250000,0.000000,0.000000,0,8,22,59,100,89,0,0,0,0,0,5958.000000,-5.000000,-5.000000,-4.000000,0,1,500,280,279,1,248,250,0,110,10,65,15,300,390,80
252.500000,0.000000,335.250000,0.000000,0.000000,0,8,22,59,100,89,0,0,0,0,0,5958.000000,-6.000000,-5.000000,-6.000000,0,1,500,280,279,1,248,250,0,110,10,65,15,300,390,80
253.500000,0.000000,335.250000,0.000000,0.000000,0,8,22,59,100,89,0,0,0,0,0,5958.000000,-5.000000,-5.000000,-4.000000,0,1,500,280,279,1,248,250,0,110,10,65,15,300,390,80
253.500000,0.000000,335.250000,0.000000,0.000000,0,8,22,59,100,89,0,0,0,0,0,5961.000000,-5.000000,-5.000000,-3.000000,0,1,500,280,279,1,248,250,0,110,10,65,15,300,390,80
253.500000,0.000000,335.250000,0.000000,0.000000,0,8,22,59,100,89,0,0,0,0,0,5961.000000,-5.000000,-5.000000,-5.000000,0,1,500,280,279,1,248,250,0,110,10,65,15,300,390,80
253.500000,0.000000,335.250000,0.000000,0.000000,0,8,22,59,100,89,0,0,0,0,0,5958.000000,-6.000000,-5.000000,-6.000000,0,1,500,280,279,1,248,250,0,110,10,65,15,300,390,80
253.500000,0.000000,335.250000,0.000000,0.000000,0,8,22,59,100,89,0,0,0,0,0,5958.000000,-6.000000,-5.000000,-6.000000,0,1,500,280,279,1,248,250,0,110,10,65,15,300,390,80
253.500000,0.000000,335.250000,0.000000,0.000000,0,8,22,59,100,89,0,0,0,0,0,5958.000000,-5.000000,-5.000000,-1.000000,0,1,500,280,279,1,248,250,0,110,10,65,15,300,390,80
253.500000,0.000000,335.250000,0.000000,0.000000,0,8,22,59,100,89,0,0,0,0,0,5958.000000,-7.000000,-5.000000,-7.000000,0,1,500,280,279,1,248,250,0,110,10,65,15,300,390,80
253.500000,0.000000,335.250000,0.000000,0.000000,0,8,22,59,100,89,0,0,0,0,0,5958.000000,-5.000000,-5.000000,-4.000000,0,1,500,280,279,1,248,250,0,110,10,65,15,300,390,80
253.500000,0.000000,335.250000,0.000000,0.000000,0,8,22,59,100,89,0,0,0,0,0,5958.000000,-5.000000,-5.000000,-3.000000,0,1,500,280,279,1,248,250,0,110,10,65,15,300,390,80
253.500000,0.000000,335.250000,0.000000,0.000000,0,8,22,59,100,89,0,0,0,0,0,5961.000000,-5.000000,-5.000000,-3.000000,0,1,500,280,279,1,248,250,0,110,10,65,15,300,390,80
253.500000,0.000000,335.250000,0.000000,0.000000,0,8,22,59,100,89,0,0,0,0,0,5961.000000,-7.000000,-5.000000,-7.000000,0,1,500,280,279,1,248,250,0,110,10,65,15,300,390,80
253.500000,0.000000,335.250000,0.000000,0.000000,0,8,22,59,100,89,0,0,0,0,0,5955.000000,-5.000000,-5.000000,-2.000000,0,1,500,280,279,1,248,250,0,110,10,65,15,300,390,80
253.500000,0.000000,335.250000,0.000000,0.000000,0,8,22,59,100,89,0,0,0,0,0,5958.000000,-5.000000,-5.000000,1.000000,0,1,500,280,279,1,248,250,0,110,10,65,15,300,390,80
253.500000,0.000000,335.250000,0.000000,0.000000,0,8,22,59,100,89,0,0,0,0,0,5958.000000,-5.000000,-5.000000,-1.000000,0,1,500,280,279,1,248,250,0,110,10,65,15,300,390,80
253.500000,0.000000,335.250000,0.000000,0.000000,0,8,22,59,100,89,0,0,0,0,0,5958.000000,-5.000000,-5.000000,-3.000000,0,1,500,280,279,1,248,250,0,110,10,65,15,300,390,80
253.500000,0.000000,335.250000,0.000000,0.000000,0,8,22,59,100,89,0,0,0,0,0,5955.000000,-5.000000,-5.000000,-4.000000,0,1,500,280,279,1,248,250,0,110,10,65,15,300,390,80
253.500000,0.000000,335.250000,0.000000,0.000000,0,8,22,59,100,89,0,0,0,0,0,5958.000000,-5.000000,-5.000000,-3.000000,0,1,500,280,279,1,248,250,0,110,10,65,15,300,390,80
253.125000,0.000000,335.250000,0.000000,0.000000,0,8,22,59,100,89,0,0,0,0,0,5955.000000,-5.000000,-5.000000,-2.000000,0,1,500,280,279,1,248,250,0,110,10,65,15,300,390,80
251.625000,0.000000,335.250000,0.000000,0.000000,0,8,22,59,100,89,0,0,0,0,0,5955.000000,-5.000000,-5.000000,-4.000000,0,1,500,280,279,1,248,250,0,110,10,65,15,300,390,80
250.125000,0.000000,335.250000,0.000000,0.000000,0,8,22,59,100,89,0,0,0,0,0,5955.000000,-5.000000,-5.000000,-2.000000,0,1,500,280,279,1,248,250,0,110,10,65,15,300,390,80
248.625000,0.000000,335.250000,0.000000,0.000000,0,8,22,59,100,89,0,0,0,0,0,5958.000000,-5.000000,-5.000000,-3.000000,0,1,500,280,279,1,248,250,0,110,10,65,15,300,390,80
247.250000,0.000000,335.250000,0.000000,0.000000,0,8,22,59,100,89,0,0,0,0,0,5955.000000,-5.000000,-5.000000,-4.000000,0,1,500,280,279,1,248,250,0,110,10,65,15,300,390,80
245.875000,0.000000,335.250000,0.000000,0.000000,0,8,22,59,100,89,0,0,0,0,0,5961.000000,-5.000000,-5.000000,-3.000000,0,1,500,280,279,1,248,250,0,110,10,65,15,300,390,80
244.375000,0.000000,335.250000,0.000000,0.000000,0,8,22,59,100,89,0,0,0,0,0,5961.000000,-5.000000,-5.000000,-3.000000,0,1,500,280,279,1,248,250,0,110,10,65,15,300,390,80
242.875000,0.000000,335.250000,0.000000,0.000000,0,8,22,59,100,89,0,0,0,0,0,5955.000000,-5.000000,-5.000000,-4.000000,0,1,500,280,279,1,248,250,0,110,10,65,15,300,390,80
241.500000,0.000000,335.250000,0.000000,0.000000,0,8,22,59,100,89,0,0,0,0,0,5955.000000,-5.000000,-5.000000,-2.000000,0,1,500,280,279,1,248,250,0,110,10,65,15,300,390,80
240.125000,0.000000,335.250000,0.000000,0.000000,0,8,22,59,100,89,0,0,0,0,0,5955.000000,-7.000000,-5.000000,-7.000000,0,1,500,280,279,1,248,250,0,110,10,65,15,300,390,80
238.750000,0.000000,335.250000,0.000000,0.000000,0,8,22,59,100,89,0,0,0,0,0,5952.000000,-5.000000,-5.000000,-4.000000,0,1,500,280,279,1,248,250,0,110,10,65,15,300,390,80
237.375000,0.000000,335.250000,0.000000,0.000000,0,8,22,59,100,89,0,0,0,0,0,5955.000000,-5.000000,-5.000000,-4.000000,0,1,500,280,279,1,248,250,0,110,10,65,15,300,390,80
235.875000,0.000000,335.250000,0.000000,0.000000,0,8,22,59,100,89,0,0,0,0,0,5955.000000,-6.000000,-5.000000,-6.000000,0,1,500,280,279,1,248,250,0,110,10,65,15,300,390,80
234.500000,0.000000,335.250000,0.000000,0.000000,0,8,22,59,100,89,0,0,0,0,0,5955.000000,-5.000000,-5.000000,-4.000000,0,1,500,280,279,1,248,250,0,110,10,65,15,300,390,80
233.250000,0.000000,335.250000,0.000000,0.000000,0,8,22,59,100,89,0,0,0,0,0,5955.000000,-5.000000,-5.000000,-5.000000,0,1,500,280,279,1,248,250,0,110,10,65,15,300,390,80
231.875000,0.000000,335.250000,0.000000,0.000000,0,8,22,59,100,89,0,0,0,0,0,5955.000000,-7.000000,-5.000000,-7.000000,0,1,500,280,279,1,248,250,0,110,10,65,15,300,390,80
230.500000,0.000000,335.250000,0.000000,0.000000,0,8,22,59,100,89,0,0,0,0,0,5955.000000,-5.000000,-5.000000,-5.000000,0,1,500,280,279,1,248,250,0,110,10,65,15,300,390,80
229.250000,0.000000,335.250000,0.000000,0.000000,0,8,22,59,100,89,0,0,0,0,0,5952.000000,-8.000000,-5.000000,-8.000000,0,1,500,280,279,1,248,250,0,110,10,65,15,300,390,80
227.750000,0.000000,335.250000,0.000000,0.000000,0,8,22,59,100,89,0,0,0,0,0,5952.000000,-5.000000,-5.000000,-3.000000,0,1,500,280,279,1,248,250,0,110,10,65,15,300,390,80
226.375000,0.000000,335.250000,0.000000,0.000000,0,8,22,59,100,89,0,0,0,0,0,5952.000000,-5.000000,-5.000000,-4.000000,0,1,500,280,279,1,248,250,0,110,10,65,15,300,390,80
225.125000,0.000000,335.250000,0.000000,0.000000,0,8,22,59,100,89,0,0,0,0,0,5952.000000,-6.000000,-6.000000,-2.000000,0,1,500,280,279,1,248,250,0,110,10,65,15,300,390,80
223.750000,0.000000,335.250000,0.000000,0.000000,0,8,22,59,100,89,0,0,0,0,0,5949.000000,-5.000000,-5.000000,-3.000000,0,1,500,280,279,1,248,250,0,110,10,65,15,300,390,80
222.500000,0.000000,335.250000,0.000000,0.000000,0,8,22,59,100,89,0,0,0,0,0,5952.000000,-5.000000,-5.000000,-4.000000,0,1,500,280,279,1,248,250,0,110,10,65,15,300,390,80
221.125000,0.000000,335.250000,0.000000,0.000000,0,8,22,59,100,89,0,0,0,0,0,5952.000000,-5.000000,-5.000000,-2.000000,0,1,500,280,279,1,248,250,0,110,10,65,15,300,390,80
219.875000,0.000000,335.250000,0.000000,0.000000,0,8,22,59,100,89,0,0,0,0,0,5952.000000,-5.000000,-5.000000,-5.000000,0,1,500,280,279,1,248,250,0,110,10,65,15,300,390,80
218.625000,0.000000,335.250000,0.000000,0.000000,0,8,22,59,100,89,0,0,0,0,0,5955.000000,-5.000000,-5.000000,-3.000000,0,1,500,280,279,1,248,250,0,110,10,65,15,300,390,80
217.375000,0.000000,335.250000,0.000000,0.000000,0,8,22,59,100,89,0,0,0,0,0,5952.000000,-9.000000,-5.000000,-9.000000,0,1,500,280,279,1,248,250,0,110,10,65,15,300,390,80
216.125000,0.000000,335.250000,0.000000,0.000000,0,8,22,59,100,89,0,0,0,0,0,5952.000000,-5.000000,-5.000000,-2.000000,0,1,500,280,279,1,248,250,0,110,10,65,15,300,390,80
214.750000,0.000000,335.250000,0.000000,0.000000,0,8,22,59,100,89,0,0,0,0,0,5952.000000,-5.000000,-5.000000,-2.000000,0,1,500,280,279,1,248,250,0,110,10,65,15,300,390,80
213.500000,0.000000,335.250000,0.000000,0.000000,0,8,22,59,100,89,0,0,0,0,0,5952.000000,-5.000000,-5.000000,-4.000000,0,1,500,280,279,1,248,250,0,110,10,65,15,300,390,80
212.250000,0.000000,335.250000,0.000000,0.000000,0,8,22,59,100,89,0,0,0,0,0,5949.000000,-6.000000,-5.000000,-6.000000,0,1,500,280,279,1,248,250,0,110,10,65,15,300,390,80
211.125000,0.000000,335.250000,0.000000,0.000000,0,8,22,59,100,89,0,0,0,0,0,5952.000000,-5.000000,-5.000000,-4.000000,0,1,500,280,279,1,248,250,0,110,10,65,15,300,390,80
209.875000,0.000000,335.250000,0.000000,0.000000,0,8,22,59,100,89,0,0,0,0,0,5952.000000,-5.000000,-5.000000,-5.000000,0,1,500,280,279,1,248,250,0,110,10,65,15,300,390,80
208.625000,0.000000,335.250000,0.000000,0.000000,0,8,22,59,100,89,0,0,0,0,0,5949.000000,-7.000000,-5.000000,-7.000000,0,1,500,280,279,1,248,250,0,110,10,65,15,300,390,80
207.375000,0.000000,335.250000,0.000000,0.000000,0,8,22,59,100,89,0,0,0,0,0,5949.000000,-5.000000,-5.000000,-5.000000,0,1,500,280,279,1,248,250,0,110,10,65,15,300,390,80
206.125000,0.000000,335.250000,0.000000,0.000000,0,8,22,59,100,89,0,0,0,0,0,5949.000000,-5.000000,-5.000000,-4.000000,0,1,500,280,279,1,248,250,0,110,10,65,15,300,390,80
205.000000,0.000000,335.250000,0.000000,0.000000,0,8,22,59,100,89,0,0,0,0,0,5949.000000,-5.000000,-5.000000,-5.000000,0,1,500,280,279,1,248,250,0,110,10,65,15,300,390,80
203.875000,0.000000,335.250000,0.000000,0.000000,0,8,22,59,100,89,0,0,0,0,0,5952.000000,-5.000000,-5.000000,-2.000000,0,1,500,280,279,1,248,250,0,110,10,65,15,300,390,80
202.625000,0.000000,335.250000,0.000000,0.000000,0,8,22,59,100,89,0,0,0,0,0,5949.000000,-5.000000,-5.000000,-5.000000,0,1,500,280,279,1,248,250,0,110,10,65,15,300,390,80
201.500000,0.000000,335.250000,0.000000,0.000000,0,8,22,59,100,89,0,0,0,0,0,5952.000000,-5.000000,-5.000000,-4.000000,0,1,500,280,279,1,248,250,0,110,10,65,15,300,390,80
200.250000,0.000000,335.250000,0.000000,0.000000,0,8,22,59,100,89,0,0,0,0,0,5949.000000,-5.000000,-5.000000,-4.000000,0,1,500,280,279,1,248,250,0,110,10,65,15,300,390,80
199.125000,0.000000,335.250000,0.000000,0.000000,0,8,22,59,100,89,0,0,0,0,0,5952.000000,-5.000000,-5.000000,-3.000000,0,1,500,280,279,1,248,250,0,110,10,65,15,300,390,80
197.875000,0.000000,335.250000,0.000000,0.000000,0,8,22,59,100,89,0,0,0,0,0,5949.000000,-5.000000,-5.000000,-5.000000,0,1,500,280,279,1,248,250,0,110,10,65,15,300,390,80
196.750000,0.000000,335.250000,0.000000,0.000000,0,8,22,59,100,89,0,0,0,0,0,5949.000000,-5.000000,-5.000000,-3.000000,0,1,500,280,279,1,248,250,0,110,10,65,15,300,390,80
195.625000,0.000000,335.250000,0.000000,0.000000,0,8,22,59,100,89,0,0,0,0,0,5949.000000,-5.000000,-5.000000,-5.000000,0,1,500,280,279,1,248,250,0,110,10,65,15,300,390,80
194.500000,0.000000,335.250000,0.000000,0.000000,0,8,22,59,100,89,0,0,0,0,0,5952.000000,-5.000000,-5.000000,-2.000000,0,1,500,280,279,1,248,250,0,110,10,65,15,300,390,80
193.250000,0.000000,335.250000,0.000000,0.000000,0,8,22,59,100,89,0,0,0,0,0,5949.000000,-5.000000,-5.000000,-2.000000,0,1,500,280,279,1,248,250,0,110,10,65,15,300,390,80
192.125000,0.000000,335.250000,0.000000,0.000000,0,8,22,59,100,89,0,0,0,0,0,5949.000000,-5.000000,-5.000000,-5.000000,0,1,500,280,279,1,248,250,0,110,10,65,15,300,390,80
191.000000,0.000000,335.250000,0.000000,0.000000,0,8,22,59,100,89,0,0,0,0,0,5949.000000,-7.000000,-5.000000,-7.000000,0,1,500,280,279,1,248,250,0,110,10,65,15,300,390,80
190.000000,0.000000,335.250000,0.000000,0.000000,0,8,22,59,100,91,0,0,0,0,0,5949.000000,-5.000000,-5.000000,-5.000000,0,1,500,280,279,1,248,250,0,110,10,65,15,300,390,80
188.875000,0.000000,335.250000,0.000000,0.000000,0,8,22,59,100,91,0,0,0,0,0,5949.000000,-5.000000,-5.000000,-3.000000,0,1,500,280,279,1,248,250,0,110,10,65,15,300,390,80
187.875000,0.000000,335.250000,0.000000,0.000000,0,8,22,59,100,91,0,0,0,0,0,5949.000000,-5.000000,-5.000000,-3.000000,0,1,500,280,279,1,248,250,0,110,10,65,15,300,390,80
186.750000,0.000000,335.250000,0.000000,0.000000,0,8,22,59,100,91,0,0,0,0,0,5949.000000,-5.000000,-5.000000,-4.000000,0,1,500,280,279,1,248,250,0,110,10,65,15,300,390,80
185.500000,0.000000,335.250000,0.000000,0.000000,0,8,22,59,100,91,0,0,0,0,0,5946.000000,-5.000000,-5.000000,-4.000000,0,1,500,280,279,1,248,250,0,110,10,65,15,300,390,80
184.500000,0.000000,335.250000,0.000000,0.000000,0,8,22,59,100,91,0,0,0,0,0,5949.000000,-5.000000,-5.000000,-4.000000,0,1,500,280,279,1,248,250,0,110,10,65,15,300,390,80
183.375000,0.000000,335.250000,0.000000,0.000000,0,8,22,59,100,91,0,0,0,0,0,5946.000000,-7.000000,-5.000000,-7.000000,0,1,500,280,279,1,248,250,0,110,10,65,15,300,390,80
182.375000,0.000000,335.250000,0.000000,0.000000,0,8,22,59,100,91,0,0,0,0,0,5946.000000,-5.000000,-5.000000,-3.000000,0,1,500,280,279,1,248,250,0,110,10,65,15,300,390,80
181.250000,0.000000,335.250000,0.000000,0.000000,0,8,22,59,100,91,0,0,0,0,0,5946.000000,-6.000000,-6.000000,-1.000000,0,1,500,280,279,1,248,250,0,110,10,65,15,300,390,80
180.250000,0.000000,335.250000,0.000000,0.000000,0,8,22,59,100,91,0,0,0,0,0,5946.000000,-5.000000,-5.000000,-2.000000,0,1,500,280,279,1,248,250,0,110,10,65,15,300,390,80
179.250000,0.000000,335.250000,0.000000,0.000000,0,8,22,59,100,91,0,0,0,0,0,5946.000000,-7.000000,-5.000000,-7.000000,0,1,500,280,279,1,248,250,0,110,10,65,15,300,390,80
178.125000,0.000000,335.250000,0.000000,0.000000,0,8,22,59,100,91,0,0,0,0,0,5946.000000,-5.000000,-5.000000,-4.000000,0,1,500,280,279,1,248,250,0,110,10,65,15,300,390,80
177.125000,0.000000,335.250000,0.000000,0.000000,0,8,22,59,100,91,0,0,0,0,0,5946.000000,-5.000000,-5.000000,-5.000000,0,1,500,280,279,1,248,250,0,110,10,65,15,300,390,80
176.125000,0.000000,335.250000,0.000000,0.000000,0,8,22,59,100,91,0,0,0,0,0,5946.000000,-7.000000,-5.000000,-7.000000,0,1,500,280,279,1,248,250,0,110,10,65,15,300,390,80
175.125000,0.000000,335.250000,0.000000,0.000000,0,8,22,59,100,91,0,0,0,0,0,5949.000000,-6.000000,-5.000000,-6.000000,0,1,500,280,279,1,248,250,0,110,10,65,15,300,390,80
174.125000,0.000000,335.250000,0.000000,0.000000,0,8,22,59,100,91,0,0,0,0,0,5946.000000,-6.000000,-6.000000,-4.000000,0,1,500,280,279,1,248,250,0,110,10,65,15,300,390,80
173.125000,0.000000,335.250000,0.000000,0.000000,0,8,22,59,100,91,0,0,0,0,0,5946.000000,-5.000000,-5.000000,-3.000000,0,1,500,280,279,1,248,250,0,110,10,65,15,300,390,80
172.125000,0.000000,335.250000,0.000000,0.000000,0,8,22,59,100,91,0,0,0,0,0,5946.000000,-5.000000,-5.000000,-2.000000,0,1,500,280,279,1,248,250,0,110,10,65,15,300,390,80
171.000000,0.000000,335.250000,0.000000,0.000000,0,8,22,59,100,91,0,0,0,0,0,5946.000000,-5.000000,-5.000000,-4.000000,0,1,500,280,279,1,248,250,0,110,10,65,15,300,390,80
170.000000,0.000000,335.250000,0.000000,0.000000,0,8,22,59,98,91,0,0,0,0,0,5946.000000,-5.000000,-5.000000,-5.000000,0,1,500,280,279,1,248,250,0,110,10,65,15,300,390,80
169.000000,0.000000,335.250000,0.000000,0.000000,0,8,22,59,100,91,0,0,0,0,0,5946.000000,-5.000000,-5.000000,-5.000000,0,1,500,280,279,1,248,250,0,110,10,65,15,300,390,80
168.000000,0.000000,335.250000,0.000000,0.000000,0,8,22,59,100,91,0,0,0,0,0,5946.000000,-5.000000,-5.000000,-3.000000,0,1,500,280,279,1,248,250,0,110,10,65,15,300,390,80
167.125000,0.000000,335.250000,0.000000,0.000000,0,8,22,59,100,91,0,0,0,0,0,5946.000000,-5.000000,-5.000000,-5.000000,0,1,500,280,279,1,248,250,0,110,10,65,15,300,390,80
166.125000,0.000000,335.250000,0.000000,0.000000,0,8,22,59,98,91,0,0,0,0,0,5946.000000,-6.000000,-5.000000,-6.000000,0,1,500,280,279,1,248,250,0,110,10,65,15,300,390,80
165.250000,0.000000,335.250000,0.000000,0.000000,0,8,22,59,100,91,0,0,0,0,0,5946.000000,-5.000000,-5.000000,-3.000000,0,1,500,280,279,1,248,250,0,110,10,65,15,300,390,80
164.125000,0.000000,335.250000,0.000000,0.000000,0,8,22,59,98,91,0,0,0,0,0,5946.000000,-5.000000,-5.000000,-4.000000,0,1,500,280,279,1,248,250,0,110,10,65,15,300,390,80
163.125000,0.000000,335.250000,0.000000,0.000000,0,8,22,59,100,91,0,0,0,0,0,5946.000000,-5.000000,-5.000000,-3.000000,0,1,500,280,279,1,248,250,0,110,10,65,15,300,390,80
162.250000,0.000000,335.250000,0.000000,0.000000,0,8,22,59,100,91,0,0,0,0,0,5946.000000,-5.000000,-5.000000,-2.000000,0,1,500,280,279,1,248,250,0,110,10,65,15,300,390,80
161.250000,0.000000,335.250000,0.000000,0.000000,0,8,22,59,98,91,0,0,0,0,0,5946.000000,-7.000000,-5.000000,-7.000000,0,1,500,280,279,1,248,250,0,110,10,65,15,300,390,80
160.375000,0.000000,335.250000,0.000000,0.000000,0,8,22,59,100,91,0,0,0,0,0,5946.000000,-5.000000,-5.000000,-5.000000,0,1,500,280,279,1,248,250,0,110,10,65,15,300,390,80
159.500000,0.000000,335.250000,0.000000,0.000000,0,8,22,59,98,91,0,0,0,0,0,5946.000000,-5.000000,-5.000000,-3.000000,0,1,500,280,279,1,248,250,0,110,10,65,15,300,390,80
158.625000,0.000000,335.250000,0.000000,0.000000,0,8,22,59,98,91,0,0,0,0,0,5943.000000,-5.000000,-5.000000,-3.000000,0,1,500,280,279,1,248,250,0,110,10,65,15,300,390,80
157.625000,0.000000,335.250000,0.000000,0.000000,0,8,22,59,98,91,0,0,0,0,0,5946.000000,-5.000000,-5.000000,-4.000000,0,1,500,280,279,1,248,250,0,110,10,65,15,300,390,80
156.625000,0.000000,335.250000,0.000000,0.000000,0,8,22,59,98,91,0,0,0,0,0,5943.000000,-5.000000,-5.000000,-2.000000,0,1,500,280,279,1,248,250,0,110,10,65,15,300,390,80
155.750000,0.000000,335.250000,0.000000,0.000000,0,8,22,59,98,91,0,0,0,0,0,5943.000000,-5.000000,-5.000000,-5.000000,0,1,500,280,279,1,248,250,0,110,10,65,15,300,390,80
154.875000,0.000000,335.250000,0.000000,0.000000,0,8,22,59,98,91,0,0,0,0,0,5943.000000,-5.000000,-5.000000,-3.000000,0,1,500,280,279,1,248,250,0,110,10,65,15,300,390,80
154.000000,0.000000,335.250000,0.000000,0.000000,0,8,22,59,98,91,0,0,0,0,0,5943.000000,-5.000000,-5.000000,-4.000000,0,1,500,280,279,1,248,250,0,110,10,65,15,300,390,80
153.125000,0.000000,335.250000,0.000000,0.000000,0,8,22,59,98,91,0,0,0,0,0,5946.000000,-5.000000,-5.000000,-3.000000,0,1,500,280,279,1,248,250,0,110,10,65,15,300,390,80
152.125000,0.000000,335.250000,0.000000,0.000000,0,8,22,59,98,91,0,0,0,0,0,5946.000000,-5.000000,-5.000000,-3.000000,0,1,500,280,279,1,248,250,0,110,10,65,15,300,390,80
151.375000,0.000000,335.250000,0.000000,0.000000,0,8,22,59,98,91,0,0,0,0,0,5943.000000,-7.000000,-5.000000,-7.000000,0,1,500,280,279,1,248,250,0,110,10,65,15,300,390,80
150.500000,0.000000,335.250000,0.000000,0.000000,0,8,22,59,98,91,0,0,0,0,0,5943.000000,-5.000000,-5.000000,-2.000000,0,1,500,280,279,1,248,250,0,110,10,65,15,300,390,80
149.500000,0.000000,335.250000,0.000000,0.000000,0,8,22,59,98,91,0,0,0,0,0,5943.000000,-5.000000,-5.000000,-1.000000,0,1,500,280,279,1,248,250,0,110,10,65,15,300,390,80
148.625000,0.000000,335.250000,0.000000,0.000000,0,8,22,59,98,91,0,0,0,0,0,5946.000000,-5.000000,-5.000000,-4.000000,0,1,500,280,279,1,248,250,0,110,10,65,15,300,390,80
147.750000,0.000000,335.250000,0.000000,0.000000,0,8,22,59,98,91,0,0,0,0,0,5946.000000,-5.000000,-5.000000,-5.000000,0,1,500,280,279,1,248,250,0,110,10,65,15,300,390,80
146.875000,0.000000,335.250000,0.000000,0.000000,0,8,22,59,98,91,0,0,0,0,0,5943.000000,-6.000000,-5.000000,-6.000000,0,1,500,280,279,1,248,250,0,110,10,65,15,300,390,80
146.125000,0.000000,335.250000,0.000000,0.000000,0,8,22,59,98,91,0,0,0,0,0,5943.000000,-5.000000,-5.000000,-1.000000,0,1,500,280,279,1,248,250,0,110,10,65,15,300,390,80
145.250000,0.000000,335.250000,0.000000,0.000000,0,8,22,59,98,91,0,0,0,0,0,5943.000000,-5.000000,-5.000000,-3.000000,0,1,500,280,279,1,248,250,0,110,10,65,15,300,390,80
144.375000,0.000000,335.250000,0.000000,0.000000,0,8,22,59,98,91,0,0,0,0,0,5943.000000,-6.000000,-5.000000,-6.000000,0,1,500,280,279,1,248,250,0,110,10,65,15,300,390,80
143.625000,0.000000,335.250000,0.000000,0.000000,0,8,22,59,98,91,0,0,0,0,0,5946.000000,-5.000000,-5.000000,-3.000000,0,1,500,280,279,1,248,250,0,110,10,65,15,300,390,80
142.625000,0.000000,335.250000,0.000000,0.000000,0,8,22,59,98,91,0,0,0,0,0,5946.000000,-5.000000,-5.000000,-3.000000,0,1,500,280,279,1,248,250,0,110,10,65,15,300,390,80
141.875000,0.000000,335.250000,0.000000,0.000000,0,8,22,59,98,91,0,0,0,0,0,5943.000000,-5.000000,-5.000000,-2.000000,0,1,500,280,279,1,248,250,0,110,10,65,15,300,390,80
141.000000,0.000000,335.250000,0.000000,0.000000,0,8,22,59,98,91,0,0,0,0,0,5946.000000,-5.000000,-5.000000,-3.000000,0,1,500,280,279,1,248,250,0,110,10,65,15,300,390,80
140.250000,0.000000,335.250000,0.000000,0.000000,0,8,22,59,98,91,0,0,0,0,0,5940.000000,-6.000000,-5.000000,-6.000000,0,1,500,280,279,1,248,250,0,110,10,65,15,300,390,80
139.375000,0.000000,335.250000,0.000000,0.000000,0,8,22,59,98,91,0,0,0,0,0,5943.000000,-5.000000,-5.000000,-5.000000,0,1,500,280,279,1,248,250,0,110,10,65,15,300,390,80
138.625000,0.000000,335.250000,0.000000,0.000000,0,8,22,59,98,91,0,0,0,0,0,5943.000000,-5.000000,-5.000000,-3.000000,0,1,500,280,279,1,248,250,0,110,10,65,15,300,390,80
137.750000,0.000000,335.250000,0.000000,0.000000,0,8,22,59,98,91,0,0,0,0,0,5943.000000,-5.000000,-5.000000,-3.000000,0,1,500,280,279,1,248,250,0,110,10,65,15,300,390,80
137.000000,0.000000,335.250000,0.000000,0.000000,0,8,22,59,98,91,0,0,0,0,0,5943.000000,-5.000000,-5.000000,-5.000000,0,1,500,280,279,1,248,250,0,110,10,65,15,300,390,80
136.250000,0.000000,335.250000,0.000000,0.000000,0,8,22,59,98,91,0,0,0,0,0,5943.000000,-6.000000,-5.000000,-6.000000,0,1,500,280,279,1,248,250,0,110,10,65,15,300,390,80
135.375000,0.000000,335.250000,0.000000,0.000000,0,8,22,59,98,91,0,0,0,0,0,5943.000000,-5.000000,-5.000000,-2.000000,0,1,500,280,279,1,248,250,0,110,10,65,15,300,390,80
134.625000,0.000000,335.250000,0.000000,0.000000,0,8,22,59,98,91,0,0,0,0,0,5943.000000,-5.000000,-5.000000,-5.000000,0,1,500,280,279,1,248,250,0,110,10,65,15,300,390,80
133.875000,0.000000,335.250000,0.000000,0.000000,0,8,22,59,98,91,0,0,0,0,0,5943.000000,-5.000000,-5.000000,-1.000000,0,1,500,280,279,1,248,250,0,110,10,65,15,300,390,80
133.125000,0.000000,335.250000,0.000000,0.000000,0,8,22,59,98,91,0,0,0,0,0,5943.000000,-8.000000,-6.000000,-8.000000,0,1,500,280,279,1,248,250,0,110,10,65,15,300,390,80
132.250000,0.000000,335.250000,0.000000,0.000000,0,8,22,59,98,91,0,0,0,0,0,5943.000000,-5.000000,-5.000000,-5.000000,0,1,500,280,279,1,248,250,0,110,10,65,15,300,390,80
131.500000,0.000000,335.250000,0.000000,0.000000,0,8,22,59,98,91,0,0,0,0,0,5943.000000,-5.000000,-5.000000,-4.000000,0,1,500,280,279,1,248,250,0,110,10,65,15,300,390,80
130.750000,0.000000,335.250000,0.000000,0.000000,0,8,22,59,98,91,0,0,0,0,0,5943.000000,-5.000000,-5.000000,-3.000000,0,1,500,280,279,1,248,250,0,110,10,65,15,300,390,80
185.500000,0.000000,335.250000,0.000000,0.000000,0,8,22,59,98,91,0,0,0,0,0,5943.000000,-5.000000,-5.000000,-4.000000,0,1,500,280,279,1,248,250,0,110,10,65,15,300,390,80
241.250000,0.000000,335.250000,0.000000,0.000000,0,8,22,59,98,91,0,0,0,0,0,5940.000000,-5.000000,-5.000000,-5.000000,0,1,500,280,279,1,248,250,0,110,10,65,15,300,390,80
250.875000,0.000000,335.250000,0.000000,0.000000,0,8,22,59,98,91,0,0,0,0,0,5940.000000,-5.000000,-5.000000,-4.000000,0,1,500,280,279,1,248,250,0,110,10,65,15,300,390,80
252.625000,0.000000,335.250000,0.000000,0.000000,0,8,22,59,98,91,0,0,0,0,0,5940.000000,-5.000000,-5.000000,-4.000000,0,1,500,280,279,1,248,250,0,110,10,65,15,300,390,80
252.875000,0.000000,335.250000,0.000000,0.000000,0,8,22,59,98,91,0,0,0,0,0,5940.000000,-5.000000,-5.000000,-4.000000,0,1,500,280,279,1,248,250,0,110,10,65,15,300,390,80
253.875000,0.000000,335.250000,0.000000,0.000000,0,8,22,59,98,91,0,0,0,0,0,5940.000000,-7.000000,-5.000000,-7.000000,0,1,500,280,279,1,248,250,0,110,10,65,15,300,390,80
253.875000,0.000000,335.250000,0.000000,0.000000,0,8,22,59,98,91,0,0,0,0,0,5940.000000,-5.000000,-5.000000,-4.000000,0,1,500,280,279,1,248,250,0,110,10,65,15,300,390,80
253.875000,0.000000,335.250000,0.000000,0.000000,0,8,22,59,98,91,0,0,0,0,0,5940.000000,-5.000000,-5.000000,-3.000000,0,1,500,280,279,1,248,250,0,110,10,65,15,300,390,80
253.875000,0.000000,335.250000,0.000000,0.000000,0,8,22,59,98,91,0,0,0,0,0,5940.000000,-7.000000,-6.000000,-7.000000,0,1,500,280,279,1,248,250,0,110,10,65,15,300,390,80
253.875000,0.000000,335.250000,0.000000,0.000000,0,8,22,59,98,91,0,216,0,0,0,5943.000000,36.000000,41.000000,36.000000,216,1,500,280,279,1,248,250,0,110,10,65,15,300,390,80
253.875000,0.000000,335.250000,0.000000,0.000000,0,8,22,59,98,91,0,0,0,0,0,5946.000000,-4.000000,-4.000000,5.000000,0,1,500,280,279,1,248,250,0,110,10,65,15,300,390,80
253.875000,0.000000,335.250000,0.000000,0.000000,0,8,22,59,98,91,0,0,0,0,0,5943.000000,-5.000000,-5.000000,-2.000000,0,1,500,280,279,1,248,250,0,110,10,65,15,300,390,80
253.875000,0.000000,335.250000,0.000000,0.000000,0,8,22,59,98,91,0,0,0,0,0,5940.000000,-6.000000,-6.000000,-3.000000,0,1,500,280,279,1,248,250,0,110,10,65,15,300,390,80
253.875000,0.000000,335.250000,0.000000,0.000000,0,8,22,59,98,91,0,0,0,0,0,5940.000000,-5.000000,-5.000000,-4.000000,0,1,500,280,279,1,248,250,0,110,10,65,15,300,390,80
253.875000,0.000000,335.250000,0.000000,0.000000,0,8,22,59,98,91,0,0,0,0,0,5940.000000,-5.000000,-5.000000,-4.000000,0,1,500,280,279,1,248,250,0,110,10,65,15,300,390,80
253.875000,0.000000,335.250000,0.000000,0.000000,0,8,22,59,98,91,0,0,0,0,0,5937.000000,-6.000000,-6.000000,-5.000000,0,1,500,280,279,1,248,250,0,110,10,65,15,300,390,80
253.875000,0.000000,335.250000,0.000000,0.000000,0,8,22,59,98,91,0,0,0,0,0,5940.000000,-6.000000,-6.000000,-5.000000,0,1,500,280,279,1,248,250,0,110,10,65,15,300,390,80
253.875000,0.000000,335.250000,0.000000,0.000000,0,8,22,59,98,91,0,0,0,0,0,5943.000000,-6.000000,-6.000000,-2.000000,0,1,500,280,279,1,248,250,0,110,10,65,15,300,390,80
253.875000,0.000000,0.000000,0.000000,0.000000,0,0,0,77,77,77,0,0,0,0,0,5943.000000,-5.000000,-5.000000,-2.000000,0,1,500,280,279,1,248,250,0,110,10,65,15,300,390,80
253.250000,0.000000,400.000000,0.000000,0.000000,0,0,0,57,98,91,1,0,0,0,0,5940.000000,-5.000000,-5.000000,-4.000000,0,1,500,280,279,1,248,250,0,110,10,65,15,300,390,80
253.000000,0.000000,400.000000,0.000000,0.000000,0,0,0,57,98,91,1,0,0,0,0,5943.000000,-5.000000,-5.000000,-5.000000,0,1,500,280,279,1,248,250,0,110,10,65,15,300,390,80
253.000000,0.000000,400.000000,0.000000,0.000000,-3,0,0,57,98,91,1,0,0,0,0,5940.000000,-6.000000,-6.000000,-3.000000,0,1,500,280,279,1,248,250,0,110,10,65,15,300,390,80
253.000000,0.000000,400.000000,0.000000,0.000000,1,0,0,59,98,91,1,0,0,0,0,5937.000000,-6.000000,-6.000000,-3.000000,0,1,500,280,279,1,248,250,0,110,10,65,15,300,390,80
250.750000,1.875000,400.000000,14.250000,0.000000,36,0,0,59,100,91,1,114,0,0,0,5937.000000,19.000000,20.000000,19.000000,114,1,500,280,279,1,248,250,0,110,10,65,15,300,390,80
252.000000,0.000000,400.000000,0.000000,0.000000,184,0,0,59,100,91,1,0,0,0,0,5940.000000,-6.000000,-6.000000,-5.000000,0,1,500,280,279,1,248,250,0,110,10,65,15,300,390,80
252.375000,0.000000,400.000000,0.000000,0.000000,151,0,0,59,100,91,1,0,0,0,0,5937.000000,-6.000000,-6.000000,-4.000000,0,1,500,280,279,1,248,250,0,110,10,65,15,300,390,80
243.750000,5.625000,400.000000,17.250000,0.000000,192,0,0,59,100,91,1,138,0,0,0,5931.000000,23.000000,23.000000,26.000000,138,1,500,280,279,1,248,250,0,110,10,65,15,300,390,80
251.875000,0.000000,400.000000,0.000000,0.000000,221,0,0,59,100,91,1,0,0,0,0,5937.000000,-5.000000,-5.000000,-2.000000,0,1,500,280,279,1,248,250,0,110,10,65,15,300,390,80
252.125000,0.000000,400.000000,0.000000,0.000000,94,0,0,59,100,91,1,0,0,0,0,5940.000000,-5.000000,-5.000000,-4.000000,0,1,500,280,279,1,248,250,0,110,10,65,15,300,390,80
251.875000,0.000000,400.000000,0.000000,0.000000,1,0,0,59,100,91,1,0,0,0,0,5934.000000,-6.000000,-6.000000,-4.000000,0,1,500,280,279,1,248,250,0,110,10,65,15,300,390,80
252.125000,0.000000,400.000000,0.000000,0.000000,0,0,0,57,100,91,1,0,0,0,0,5937.000000,-6.000000,-6.000000,-5.000000,0,1,500,280,279,1,248,250,0,110,10,65,15,300,390,80
252.000000,0.000000,400.000000,0.000000,0.000000,-1,0,0,57,100,91,1,0,0,0,0,5943.000000,3.000000,3.000000,11.000000,0,1,500,280,279,1,248,250,0,110,10,65,15,300,390,80
247.625000,2.500000,400.000000,11.250000,0.000000,115,0,0,59,100,91,1,90,0,0,0,5937.000000,15.000000,15.000000,16.000000,90,1,500,280,279,1,248,250,0,110,10,65,15,300,390,80
240.250000,5.250000,400.000000,12.750000,0.000000,340,0,0,59,100,91,1,102,0,0,0,5937.000000,17.000000,17.000000,20.000000,102,1,500,280,279,1,248,250,0,110,10,65,15,300,390,80
250.750000,-0.125000,400.000000,0.000000,0.000000,381,0,0,59,102,91,1,0,0,0,0,5937.000000,-6.000000,-6.000000,-5.000000,0,1,500,280,279,1,248,250,0,110,10,65,15,300,390,80
251.125000,0.000000,400.000000,0.000000,0.000000,287,0,0,59,102,91,1,0,0,0,0,5937.000000,-6.000000,-6.000000,-4.000000,0,1,500,280,279,1,248,250,0,110,10,65,15,300,390,80
251.625000,0.000000,400.000000,0.000000,0.000000,69,0,0,59,102,91,1,0,0,0,0,5937.000000,-6.000000,-6.000000,-6.000000,0,1,500,280,279,1,248,250,0,110,10,65,15,300,390,80
251.500000,0.000000,400.000000,0.000000,0.000000,0,0,0,57,102,91,1,0,0,0,0,5931.000000,-6.000000,-6.000000,-6.000000,0,1,500,280,279,1,248,250,0,110,10,65,15,300,390,80
251.625000,0.000000,400.000000,0.000000,0.000000,-2,0,0,57,102,91,1,0,0,0,0,5940.000000,-9.000000,-6.000000,-9.000000,0,1,500,280,279,1,248,250,0,110,10,65,15,300,390,80
251.625000,0.000000,400.000000,0.000000,0.000000,-1,0,0,57,102,91,1,0,0,0,0,5937.000000,3.000000,3.000000,10.000000,0,1,500,280,279,1,248,250,0,110,10,65,15,300,390,80
251.250000,0.000000,400.000000,0.000000,0.000000,137,0,0,59,102,91,1,0,0,0,0,5937.000000,-6.000000,-6.000000,-1.000000,0,1,500,280,279,1,248,250,0,110,10,65,15,300,390,80
251.750000,0.000000,400.000000,0.000000,0.000000,111,0,0,59,102,91,1,0,0,0,0,5934.000000,-6.000000,-6.000000,-6.000000,0,1,500,280,279,1,248,250,0,110,10,65,15,300,390,80
251.750000,0.000000,400.000000,0.000000,0.000000,82,0,0,59,102,91,1,0,0,0,0,5937.000000,-5.000000,-5.000000,-2.000000,0,1,500,280,279,1,248,250,0,110,10,65,15,300,390,80
251.500000,0.000000,400.000000,0.000000,0.000000,52,0,0,59,102,91,1,0,0,0,0,5934.000000,-6.000000,-6.000000,-5.000000,0,1,500,280,279,1,248,250,0,110,10,65,15,300,390,80
251.875000,0.000000,400.000000,0.000000,0.000000,31,0,0,59,102,91,1,0,0,0,0,5937.000000,-5.000000,-5.000000,-2.000000,0,1,500,280,279,1,248,250,0,110,10,65,15,300,390,80
251.625000,0.000000,400.000000,0.000000,0.000000,10,0,0,59,102,91,1,0,0,0,0,5937.000000,-9.000000,-6.000000,-9.000000,0,1,500,280,279,1,248,250,0,110,10,65,15,300,390,80
251.875000,0.000000,400.000000,0.000000,0.000000,0,0,0,59,102,91,1,0,0,0,0,5940.000000,-9.000000,-5.000000,-9.000000,0,1,500,280,279,1,248,250,0,110,10,65,15,300,390,80
251.750000,0.000000,400.000000,0.000000,0.000000,0,0,0,59,102,91,1,0,0,0,0,5934.000000,-6.000000,-6.000000,-5.000000,0,1,500,280,279,1,248,250,0,110,10,65,15,300,390,80
251.625000,0.000000,400.000000,0.000000,0.000000,-2,0,0,59,102,91,1,0,0,0,0,5934.000000,-6.000000,-6.000000,0.000000,0,1,500,280,279,1,248,250,0,110,10,65,15,300,390,80
251.875000,0.000000,400.000000,0.000000,0.000000,0,0,0,59,102,91,1,0,0,0,0,5937.000000,-5.000000,-5.000000,-3.000000,0,1,500,280,279,1,248,250,0,110,10,65,15,300,390,80
251.750000,0.000000,400.000000,0.000000,0.000000,-1,0,0,59,102,91,1,0,0,0,0,5934.000000,-8.000000,-6.000000,-8.000000,0,1,500,280,279,1,248,250,0,110,10,65,15,300,390,80
251.875000,0.000000,400.000000,0.000000,0.000000,0,0,0,59,102,91,1,0,0,0,0,5934.000000,-6.000000,-6.000000,-4.000000,0,1,500,280,279,1,248,250,0,110,10,65,15,300,390,80
251.875000,0.000000,400.000000,0.000000,0.000000,-3,0,0,59,102,91,1,0,0,0,0,5934.000000,-5.000000,-5.000000,-4.000000,0,1,500,280,279,1,248,250,0,110,10,65,15,300,390,80
251.875000,0.000000,400.000000,0.000000,0.000000,0,0,0,59,102,91,1,0,0,0,0,5937.000000,-7.000000,-5.000000,-7.000000,0,1,500,280,279,1,248,250,0,110,10,65,15,300,390,80
251.875000,0.000000,400.000000,0.000000,0.000000,0,0,0,59,102,91,1,0,0,0,0,5934.000000,-5.000000,-5.000000,-3.000000,0,1,500,280,279,1,248,250,0,110,10,65,15,300,390,80
251.750000,0.000000,400.000000,0.000000,0.000000,0,0,0,59,104,91,1,0,0,0,0,5931.000000,-5.000000,-5.000000,-3.000000,0,1,500,280,279,1,248,250,0,110,10,65,15,300,390,80
179.125000,0.000000,400.000000,0.000000,0.000000,0,0,0,59,104,91,1,0,0,0,0,5934.000000,-6.000000,-6.000000,-4.000000,0,1,500,280,279,1,248,250,0,110,10,65,15,300,390,80
75.625000,0.000000,339.750000,0.000000,0.000000,0,8,22,59,104,91,0,0,0,0,0,5934.000000,-5.000000,-5.000000,-5.000000,0,1,500,280,279,1,248,250,0,110,10,65,15,300,390,80
75.250000,0.000000,339.750000,0.000000,0.000000,0,8,22,59,104,91,0,0,0,0,0,5934.000000,-6.000000,-6.000000,-3.000000,0,1,500,280,279,1,248,250,0,110,10,65,15,300,390,80
74.875000,0.000000,339.750000,0.000000,0.000000,0,8,22,59,104,91,0,0,0,0,0,5934.000000,-6.000000,-6.000000,-5.000000,0,1,500,280,279,1,248,250,0,110,10,65,15,300,390,80
74.375000,0.000000,339.750000,0.000000,0.000000,0,8,22,59,102,91,0,0,0,0,0,5934.000000,-6.000000,-6.000000,-4.000000,0,1,500,280,279,1,248,250,0,110,10,65,15,300,390,80
74.000000,0.000000,339.750000,0.000000,0.000000,0,8,22,59,102,91,0,0,0,0,0,5934.000000,-5.000000,-5.000000,-5.000000,0,1,500,280,279,1,248,250,0,110,10,65,15,300,390,80
73.625000,0.000000,339.750000,0.000000,0.000000,0,8,22,59,102,91,0,0,0,0,0,5934.000000,-6.000000,-6.000000,-6.000000,0,1,500,280,279,1,248,250,0,110,10,65,15,300,390,80
73.125000,0.000000,339.750000,0.000000,0.000000,0,8,22,59,102,91,0,0,0,0,0,5934.000000,-5.000000,-5.000000,-2.000000,0,1,500,280,279,1,248,250,0,110,10,65,15,300,390,80
72.750000,0.000000,339.750000,0.000000,0.000000,0,8,22,59,102,91,0,0,0,0,0,5934.000000,-6.000000,-6.000000,-5.000000,0,1,500,280,279,1,248,250,0,110,10,65,15,300,390,80
72.375000,0.000000,339.750000,0.000000,0.000000,0,8,22,59,102,91,0,0,0,0,0,5931.000000,-5.000000,-5.000000,-4.000000,0,1,500,280,279,1,248,250,0,110,10,65,15,300,390,80
71.875000,0.000000,339.750000,0.000000,0.000000,0,8,22,59,102,91,0,0,0,0,0,5934.000000,-5.000000,-5.000000,-4.000000,0,1,500,280